{"type":"FeatureCollection", "features": [
{"type":"Feature","geometry":{"type":"Polygon","coordinates":[[[-70.67133,-33.42602],[-70.67411,-33.42229],[-70.6775,-33.41976],[-70.67876,-33.41739],[-70.68027,-33.40636],[-70.68189,-33.40301],[-70.68899,-33.39114],[-70.69348,-33.38131],[-70.69593,-33.38238],[-70.70342,-33.38322],[-70.70807,-33.38692],[-70.71121,-33.3907],[-70.71568,-33.39152],[-70.73106,-33.39174],[-70.73651,-33.39293],[-70.73922,-33.39004],[-70.74551,-33.38938],[-70.74821,-33.39059],[-70.75059,-33.38587],[-70.7566,-33.38347],[-70.78149,-33.40448],[-70.78254,-33.40681],[-70.78227,-33.41383],[-70.77604,-33.41355],[-70.77202,-33.41459],[-70.76022,-33.41252],[-70.73552,-33.41217],[-70.72686,-33.41346],[-70.72246,-33.4117],[-70.7134,-33.40815],[-70.70389,-33.40814],[-70.69351,-33.41491],[-70.69058,-33.41848],[-70.68175,-33.42248],[-70.67147,-33.42651],[-70.67133,-33.42602]]]},"properties":{"name":"Renca"}},
{"type":"Feature","geometry":{"type":"Polygon","coordinates":[[[-70.60538,-33.40925],[-70.60995,-33.40814],[-70.61347,-33.40884],[-70.61635,-33.41122],[-70.61972,-33.41209],[-70.62193,-33.41507],[-70.62603,-33.41877],[-70.62981,-33.42041],[-70.6324,-33.42278],[-70.63263,-33.42512],[-70.63612,-33.43014],[-70.6354,-33.4357],[-70.63155,-33.44984],[-70.61875,-33.44726],[-70.60859,-33.4457],[-70.59918,-33.44465],[-70.59282,-33.44776],[-70.58718,-33.43943],[-70.58225,-33.43374],[-70.58444,-33.43172],[-70.58882,-33.42775],[-70.60128,-33.41823],[-70.60748,-33.41556],[-70.60538,-33.40925]]]},"properties":{"name":"Providencia"}},
{"type":"Feature","geometry":{"type":"Polygon","coordinates":[[[-70.65819,-33.40055],[-70.65722,-33.40532],[-70.65304,-33.4064],[-70.65266,-33.41743],[-70.65015,-33.41776],[-70.65107,-33.42342],[-70.6516,-33.43195],[-70.6354,-33.4357],[-70.63612,-33.43014],[-70.63263,-33.42512],[-70.6324,-33.42278],[-70.62981,-33.42041],[-70.62603,-33.41877],[-70.62193,-33.41507],[-70.61972,-33.41209],[-70.61635,-33.41122],[-70.61347,-33.40884],[-70.61004,-33.40566],[-70.61014,-33.40332],[-70.62289,-33.39509],[-70.62831,-33.3922],[-70.64121,-33.38262],[-70.6441,-33.38112],[-70.6568,-33.37641],[-70.65773,-33.37875],[-70.65712,-33.38659],[-70.65721,-33.39267],[-70.65819,-33.40055]]]},"properties":{"name":"Recoleta"}},
{"type":"Feature","geometry":{"type":"Polygon","coordinates":[[[-70.5822,-33.35075],[-70.58665,-33.35384],[-70.59038,-33.35431],[-70.59611,-33.35871],[-70.60008,-33.36259],[-70.59667,-33.36531],[-70.59687,-33.37119],[-70.5995,-33.3751],[-70.59964,-33.37869],[-70.60312,-33.3814],[-70.60183,-33.38628],[-70.60217,-33.39023],[-70.60708,-33.39534],[-70.61014,-33.40332],[-70.61004,-33.40566],[-70.61347,-33.40884],[-70.60995,-33.40814],[-70.60538,-33.40925],[-70.59826,-33.40786],[-70.59098,-33.40521],[-70.58498,-33.40368],[-70.56882,-33.39703],[-70.5534,-33.39168],[-70.54397,-33.38816],[-70.53424,-33.38407],[-70.52785,-33.37766],[-70.52476,-33.37576],[-70.51765,-33.37267],[-70.52029,-33.36921],[-70.52543,-33.36916],[-70.53034,-33.37072],[-70.54144,-33.36985],[-70.546,-33.36679],[-70.54859,-33.36363],[-70.54859,-33.36071],[-70.55082,-33.35971],[-70.56012,-33.35824],[-70.56443,-33.35705],[-70.56761,-33.35521],[-70.57063,-33.35636],[-70.57672,-33.35195],[-70.5822,-33.35075]]]},"properties":{"name":"Vitacura"}},
{"type":"Feature","geometry":{"type":"Polygon","coordinates":[[[-70.43382,-33.48042],[-70.43221,-33.47329],[-70.43485,-33.4693],[-70.43347,-33.46394],[-70.43014,-33.46391],[-70.42772,-33.45871],[-70.42852,-33.45464],[-70.42845,-33.44871],[-70.43172,-33.44444],[-70.43028,-33.4387],[-70.43334,-33.43234],[-70.43351,-33.42857],[-70.43487,-33.42646],[-70.43831,-33.4253],[-70.44386,-33.42461],[-70.45015,-33.41996],[-70.45297,-33.41501],[-70.45322,-33.40781],[-70.45206,-33.4019],[-70.45417,-33.39713],[-70.46454,-33.39527],[-70.47032,-33.39371],[-70.47383,-33.39455],[-70.4764,-33.39382],[-70.47674,-33.39108],[-70.47897,-33.38792],[-70.47914,-33.38402],[-70.48211,-33.38051],[-70.48301,-33.37728],[-70.47983,-33.37172],[-70.47657,-33.36965],[-70.47666,-33.36405],[-70.49289,-33.36456],[-70.49582,-33.36689],[-70.4998,-33.36738],[-70.50582,-33.37001],[-70.51168,-33.37075],[-70.51765,-33.37267],[-70.52476,-33.37576],[-70.52785,-33.37766],[-70.53424,-33.38407],[-70.54397,-33.38816],[-70.5534,-33.39168],[-70.56882,-33.39703],[-70.58498,-33.40368],[-70.59098,-33.40521],[-70.59826,-33.40786],[-70.60538,-33.40925],[-70.60748,-33.41556],[-70.60128,-33.41823],[-70.58882,-33.42775],[-70.58444,-33.43172],[-70.57853,-33.43134],[-70.55434,-33.43051],[-70.53916,-33.42884],[-70.53785,-33.43337],[-70.52293,-33.43153],[-70.51688,-33.43445],[-70.50804,-33.43603],[-70.50294,-33.43825],[-70.49953,-33.44299],[-70.49524,-33.44689],[-70.49558,-33.45079],[-70.48872,-33.45652],[-70.48597,-33.46282],[-70.48412,-33.46368],[-70.47794,-33.46876],[-70.47425,-33.4732],[-70.47158,-33.47523],[-70.4608,-33.47578],[-70.45073,-33.48258],[-70.4443,-33.48523],[-70.43874,-33.48567],[-70.43382,-33.48042]]]},"properties":{"name":"Las Condes"}},
{"type":"Feature","geometry":{"type":"Polygon","coordinates":[[[-70.48597,-33.46282],[-70.48872,-33.45652],[-70.49558,-33.45079],[-70.49524,-33.44689],[-70.49953,-33.44299],[-70.50294,-33.43825],[-70.50804,-33.43603],[-70.51688,-33.43445],[-70.52293,-33.43153],[-70.53785,-33.43337],[-70.53916,-33.42884],[-70.55434,-33.43051],[-70.57853,-33.43134],[-70.58444,-33.43172],[-70.58225,-33.43374],[-70.57332,-33.43806],[-70.57076,-33.45331],[-70.57232,-33.45899],[-70.56241,-33.46249],[-70.55091,-33.46266],[-70.54434,-33.46363],[-70.53992,-33.46303],[-70.53134,-33.46545],[-70.52959,-33.45915],[-70.51382,-33.46015],[-70.48597,-33.46282]]]},"properties":{"name":"La Reina"}},
{"type":"Feature","geometry":{"type":"Polygon","coordinates":[[[-70.58225,-33.43374],[-70.58718,-33.43943],[-70.59282,-33.44776],[-70.59918,-33.44465],[-70.60859,-33.4457],[-70.61875,-33.44726],[-70.63155,-33.44984],[-70.62604,-33.46877],[-70.62509,-33.46954],[-70.62303,-33.47492],[-70.5959,-33.47355],[-70.58972,-33.47407],[-70.5837,-33.47319],[-70.57646,-33.46942],[-70.57232,-33.45899],[-70.57076,-33.45331],[-70.57332,-33.43806],[-70.58225,-33.43374]]]},"properties":{"name":"Ñuñoa"}},
{"type":"Feature","geometry":{"type":"Polygon","coordinates":[[[-70.51765,-33.37267],[-70.51168,-33.37075],[-70.50582,-33.37001],[-70.4998,-33.36738],[-70.49582,-33.36689],[-70.49289,-33.36456],[-70.47666,-33.36405],[-70.47657,-33.36965],[-70.47983,-33.37172],[-70.48301,-33.37728],[-70.48211,-33.38051],[-70.47914,-33.38402],[-70.47897,-33.38792],[-70.47674,-33.39108],[-70.4764,-33.39382],[-70.47383,-33.39455],[-70.47032,-33.39371],[-70.46454,-33.39527],[-70.45417,-33.39713],[-70.45206,-33.4019],[-70.45322,-33.40781],[-70.45297,-33.41501],[-70.45015,-33.41996],[-70.44386,-33.42461],[-70.43831,-33.4253],[-70.43487,-33.42646],[-70.43351,-33.42857],[-70.43334,-33.43234],[-70.43028,-33.4387],[-70.43172,-33.44444],[-70.42845,-33.44871],[-70.42852,-33.45464],[-70.42772,-33.45871],[-70.43014,-33.46391],[-70.43347,-33.46394],[-70.43485,-33.4693],[-70.43221,-33.47329],[-70.43382,-33.48042],[-70.42633,-33.48295],[-70.4184,-33.48128],[-70.40676,-33.48758],[-70.40124,-33.48977],[-70.39767,-33.48889],[-70.39316,-33.49065],[-70.38678,-33.48585],[-70.38273,-33.48521],[-70.37972,-33.48304],[-70.37594,-33.48243],[-70.36735,-33.48343],[-70.36276,-33.48672],[-70.35441,-33.48584],[-70.35143,-33.49114],[-70.34736,-33.48968],[-70.34353,-33.48735],[-70.33502,-33.47726],[-70.32564,-33.47289],[-70.32006,-33.47214],[-70.31558,-33.46655],[-70.30558,-33.46495],[-70.29891,-33.45722],[-70.2984,-33.45463],[-70.28701,-33.45186],[-70.28272,-33.45474],[-70.27597,-33.45292],[-70.27192,-33.44775],[-70.26299,-33.44373],[-70.25787,-33.44378],[-70.25398,-33.43939],[-70.25095,-33.43877],[-70.24474,-33.43592],[-70.24105,-33.4309],[-70.23793,-33.42938],[-70.2358,-33.42346],[-70.22913,-33.41921],[-70.2265,-33.41547],[-70.22,-33.41288],[-70.21712,-33.40915],[-70.21706,-33.40387],[-70.21821,-33.40071],[-70.21417,-33.39602],[-70.20862,-33.39385],[-70.20328,-33.39093],[-70.19928,-33.38527],[-70.19854,-33.38078],[-70.19653,-33.37828],[-70.19391,-33.37712],[-70.19339,-33.37497],[-70.19465,-33.37163],[-70.19015,-33.36415],[-70.18178,-33.36181],[-70.18154,-33.35971],[-70.1776,-33.35562],[-70.1803,-33.35017],[-70.17606,-33.34541],[-70.18246,-33.33727],[-70.18172,-33.3304],[-70.18312,-33.32591],[-70.18254,-33.32195],[-70.18471,-33.31498],[-70.1868,-33.31173],[-70.18636,-33.30775],[-70.19373,-33.29674],[-70.19891,-33.29136],[-70.19903,-33.28375],[-70.20049,-33.27743],[-70.19834,-33.27206],[-70.20063,-33.26918],[-70.20501,-33.26191],[-70.21054,-33.25884],[-70.21114,-33.25329],[-70.20864,-33.24976],[-70.20918,-33.24832],[-70.21399,-33.24526],[-70.21621,-33.24239],[-70.2172,-33.23875],[-70.22249,-33.23779],[-70.22217,-33.23549],[-70.22375,-33.23066],[-70.22023,-33.22462],[-70.21802,-33.22326],[-70.21793,-33.21812],[-70.22076,-33.21528],[-70.22483,-33.21319],[-70.22692,-33.21097],[-70.23111,-33.2033],[-70.23687,-33.20224],[-70.2388,-33.20061],[-70.24114,-33.19573],[-70.24044,-33.19172],[-70.24204,-33.19071],[-70.2434,-33.18676],[-70.25889,-33.18462],[-70.26646,-33.18124],[-70.2643,-33.17355],[-70.26533,-33.16579],[-70.26773,-33.16335],[-70.26867,-33.1599],[-70.26867,-33.15573],[-70.26988,-33.15358],[-70.27142,-33.14409],[-70.2697,-33.14122],[-70.27159,-33.13532],[-70.27176,-33.13115],[-70.27434,-33.13058],[-70.28181,-33.1308],[-70.28687,-33.13166],[-70.28936,-33.13072],[-70.29554,-33.12588],[-70.29648,-33.11922],[-70.29983,-33.11318],[-70.30335,-33.11261],[-70.30919,-33.10865],[-70.31691,-33.10894],[-70.32232,-33.10427],[-70.32901,-33.10391],[-70.33279,-33.0988],[-70.33639,-33.09729],[-70.34232,-33.09708],[-70.34317,-33.10283],[-70.35107,-33.10571],[-70.36274,-33.10657],[-70.36859,-33.10657],[-70.37315,-33.1059],[-70.37819,-33.10858],[-70.38231,-33.1093],[-70.38643,-33.11534],[-70.39639,-33.12037],[-70.4024,-33.12239],[-70.4072,-33.12167],[-70.41716,-33.12382],[-70.42214,-33.12828],[-70.42866,-33.13101],[-70.43313,-33.1369],[-70.4369,-33.14452],[-70.44068,-33.14725],[-70.44102,-33.14998],[-70.44411,-33.15501],[-70.44497,-33.15947],[-70.44857,-33.16206],[-70.45441,-33.16838],[-70.45493,-33.17211],[-70.46128,-33.177],[-70.45896,-33.18699],[-70.45905,-33.18871],[-70.46617,-33.19424],[-70.46729,-33.20034],[-70.46505,-33.20307],[-70.46608,-33.20573],[-70.46995,-33.20853],[-70.47072,-33.21672],[-70.47183,-33.21787],[-70.47673,-33.21866],[-70.48428,-33.21794],[-70.50196,-33.21995],[-70.50934,-33.21894],[-70.51226,-33.21995],[-70.51312,-33.22483],[-70.51574,-33.23146],[-70.52151,-33.23581],[-70.52239,-33.23775],[-70.52531,-33.23876],[-70.53647,-33.23962],[-70.5423,-33.23876],[-70.54882,-33.2412],[-70.55706,-33.24177],[-70.56118,-33.24637],[-70.56187,-33.25225],[-70.56685,-33.25699],[-70.57045,-33.26259],[-70.57269,-33.26489],[-70.57217,-33.26977],[-70.56977,-33.27393],[-70.57045,-33.2791],[-70.57818,-33.28971],[-70.58522,-33.29459],[-70.59088,-33.29775],[-70.59191,-33.30363],[-70.59748,-33.30833],[-70.60099,-33.30768],[-70.60404,-33.31062],[-70.59992,-33.31678],[-70.59902,-33.32292],[-70.5934,-33.33289],[-70.59571,-33.33669],[-70.59438,-33.3385],[-70.59026,-33.33973],[-70.58839,-33.34616],[-70.5822,-33.35075],[-70.57672,-33.35195],[-70.57063,-33.35636],[-70.56761,-33.35521],[-70.56443,-33.35705],[-70.56012,-33.35824],[-70.55082,-33.35971],[-70.54859,-33.36071],[-70.54859,-33.36363],[-70.546,-33.36679],[-70.54144,-33.36985],[-70.53034,-33.37072],[-70.52543,-33.36916],[-70.52029,-33.36921],[-70.51765,-33.37267]]]},"properties":{"name":"Lo Barnechea"}},
{"type":"Feature","geometry":{"type":"Polygon","coordinates":[[[-70.68122,-33.33094],[-70.68013,-33.33798],[-70.68588,-33.34084],[-70.6888,-33.34787],[-70.69305,-33.35211],[-70.68891,-33.36622],[-70.68218,-33.36688],[-70.6568,-33.37641],[-70.6441,-33.38112],[-70.64121,-33.38262],[-70.62831,-33.3922],[-70.62289,-33.39509],[-70.61014,-33.40332],[-70.60708,-33.39534],[-70.60217,-33.39023],[-70.60183,-33.38628],[-70.60312,-33.3814],[-70.59964,-33.37869],[-70.5995,-33.3751],[-70.59687,-33.37119],[-70.59667,-33.36531],[-70.60008,-33.36259],[-70.59611,-33.35871],[-70.59038,-33.35431],[-70.58665,-33.35384],[-70.5822,-33.35075],[-70.58839,-33.34616],[-70.59026,-33.33973],[-70.59438,-33.3385],[-70.59571,-33.33669],[-70.59734,-33.3378],[-70.60515,-33.33948],[-70.60846,-33.33941],[-70.61867,-33.34221],[-70.6249,-33.3407],[-70.63258,-33.34016],[-70.64013,-33.34253],[-70.64541,-33.34102],[-70.65109,-33.33446],[-70.65505,-33.33211],[-70.65855,-33.32816],[-70.66287,-33.32916],[-70.66715,-33.3279],[-70.67104,-33.32916],[-70.67707,-33.32923],[-70.68122,-33.33094]]]},"properties":{"name":"Huechuraba"}},
{"type":"Feature","geometry":{"type":"Polygon","coordinates":[[[-70.71902,-33.32441],[-70.70866,-33.3219],[-70.71131,-33.31868],[-70.69936,-33.31965],[-70.69472,-33.32316],[-70.6901,-33.32464],[-70.68855,-33.32837],[-70.68261,-33.32961],[-70.68122,-33.33094],[-70.67707,-33.32923],[-70.67104,-33.32916],[-70.66715,-33.3279],[-70.66287,-33.32916],[-70.65855,-33.32816],[-70.65505,-33.33211],[-70.65109,-33.33446],[-70.64541,-33.34102],[-70.64013,-33.34253],[-70.63258,-33.34016],[-70.6249,-33.3407],[-70.61867,-33.34221],[-70.60846,-33.33941],[-70.60515,-33.33948],[-70.59734,-33.3378],[-70.59571,-33.33669],[-70.5934,-33.33289],[-70.59902,-33.32292],[-70.59992,-33.31678],[-70.60404,-33.31062],[-70.60099,-33.30768],[-70.59748,-33.30833],[-70.59191,-33.30363],[-70.59088,-33.29775],[-70.58522,-33.29459],[-70.57818,-33.28971],[-70.57045,-33.2791],[-70.56977,-33.27393],[-70.57217,-33.26977],[-70.57269,-33.26489],[-70.57045,-33.26259],[-70.56685,-33.25699],[-70.56187,-33.25225],[-70.56118,-33.24637],[-70.55706,-33.24177],[-70.54882,-33.2412],[-70.5423,-33.23876],[-70.53647,-33.23962],[-70.52531,-33.23876],[-70.52239,-33.23775],[-70.52151,-33.23581],[-70.51574,-33.23146],[-70.51312,-33.22483],[-70.51226,-33.21995],[-70.50934,-33.21894],[-70.50196,-33.21995],[-70.48428,-33.21794],[-70.47673,-33.21866],[-70.47183,-33.21787],[-70.47072,-33.21672],[-70.46995,-33.20853],[-70.46608,-33.20573],[-70.46505,-33.20307],[-70.46729,-33.20034],[-70.46617,-33.19424],[-70.45905,-33.18871],[-70.45896,-33.18699],[-70.46128,-33.177],[-70.45493,-33.17211],[-70.45441,-33.16838],[-70.44857,-33.16206],[-70.44497,-33.15947],[-70.44411,-33.15501],[-70.44102,-33.14998],[-70.44068,-33.14725],[-70.4369,-33.14452],[-70.43313,-33.1369],[-70.42866,-33.13101],[-70.42214,-33.12828],[-70.41716,-33.12382],[-70.4072,-33.12167],[-70.4024,-33.12239],[-70.39639,-33.12037],[-70.38643,-33.11534],[-70.38231,-33.1093],[-70.37819,-33.10858],[-70.37315,-33.1059],[-70.377,-33.10155],[-70.3775,-33.09906],[-70.38184,-33.09385],[-70.38454,-33.09307],[-70.38818,-33.08868],[-70.38486,-33.08251],[-70.39472,-33.07872],[-70.39481,-33.07403],[-70.39709,-33.07152],[-70.40299,-33.0706],[-70.40633,-33.06415],[-70.40438,-33.06028],[-70.40205,-33.05772],[-70.40091,-33.05455],[-70.39675,-33.05004],[-70.39728,-33.04715],[-70.4004,-33.04236],[-70.39863,-33.0398],[-70.39901,-33.03303],[-70.41193,-33.02589],[-70.41603,-33.02443],[-70.4228,-33.02451],[-70.4235,-33.02243],[-70.42692,-33.02085],[-70.4339,-33.02117],[-70.43665,-33.02557],[-70.44173,-33.02835],[-70.44817,-33.03718],[-70.45312,-33.0382],[-70.45356,-33.04242],[-70.45549,-33.04343],[-70.46019,-33.04939],[-70.46022,-33.05208],[-70.46363,-33.05629],[-70.46466,-33.0618],[-70.46853,-33.06542],[-70.47716,-33.0676],[-70.47715,-33.07073],[-70.4785,-33.07541],[-70.48191,-33.08099],[-70.48842,-33.08241],[-70.49846,-33.08653],[-70.50568,-33.08848],[-70.50907,-33.08838],[-70.51234,-33.08306],[-70.51754,-33.07967],[-70.51892,-33.07765],[-70.51873,-33.07367],[-70.52045,-33.07218],[-70.52446,-33.06409],[-70.52453,-33.06039],[-70.52595,-33.05856],[-70.52777,-33.05027],[-70.5335,-33.04831],[-70.53639,-33.0453],[-70.53941,-33.04425],[-70.54445,-33.04022],[-70.54933,-33.03879],[-70.55334,-33.0328],[-70.54968,-33.02591],[-70.54897,-33.02103],[-70.54674,-33.0197],[-70.54654,-33.01428],[-70.54933,-33.01134],[-70.54932,-33.0087],[-70.55734,-33.00295],[-70.55727,-32.99809],[-70.5618,-32.99517],[-70.56618,-32.98878],[-70.5724,-32.98677],[-70.5765,-32.98181],[-70.57725,-32.97922],[-70.58043,-32.97595],[-70.58563,-32.97365],[-70.5886,-32.9712],[-70.59234,-32.96988],[-70.591,-32.96724],[-70.59167,-32.96399],[-70.59135,-32.95949],[-70.59363,-32.95657],[-70.59723,-32.9537],[-70.59548,-32.95049],[-70.59333,-32.94893],[-70.59597,-32.94561],[-70.60312,-32.94257],[-70.60627,-32.94226],[-70.60911,-32.94399],[-70.61327,-32.95082],[-70.61839,-32.948],[-70.62139,-32.94748],[-70.62577,-32.94877],[-70.63322,-32.94688],[-70.63668,-32.94704],[-70.6434,-32.95182],[-70.6487,-32.95208],[-70.65329,-32.95359],[-70.65864,-32.95302],[-70.66476,-32.95516],[-70.66906,-32.95574],[-70.67232,-32.95862],[-70.67541,-32.95919],[-70.68382,-32.95732],[-70.6888,-32.95516],[-70.69412,-32.95473],[-70.69893,-32.95631],[-70.7106,-32.9566],[-70.713,-32.95473],[-70.71952,-32.95199],[-70.72764,-32.95863],[-70.73416,-32.96267],[-70.7376,-32.96555],[-70.74137,-32.96655],[-70.74584,-32.96612],[-70.74961,-32.96843],[-70.75373,-32.97361],[-70.7618,-32.97952],[-70.77107,-32.98312],[-70.76438,-32.98729],[-70.76249,-32.9896],[-70.76043,-32.99435],[-70.75871,-32.99636],[-70.75923,-33.00313],[-70.7582,-33.005],[-70.75442,-33.00745],[-70.7527,-33.01292],[-70.75614,-33.01954],[-70.75288,-33.024],[-70.75339,-33.02616],[-70.75665,-33.03163],[-70.75957,-33.03393],[-70.76043,-33.03796],[-70.75751,-33.04271],[-70.75906,-33.04487],[-70.76472,-33.04904],[-70.76712,-33.0558],[-70.7527,-33.06429],[-70.7479,-33.07062],[-70.74687,-33.07436],[-70.74773,-33.08141],[-70.75047,-33.08817],[-70.7582,-33.09838],[-70.75888,-33.10399],[-70.75597,-33.11017],[-70.75339,-33.11851],[-70.757,-33.12512],[-70.75803,-33.13404],[-70.75717,-33.13619],[-70.75305,-33.13921],[-70.74996,-33.14295],[-70.74464,-33.14424],[-70.74258,-33.14769],[-70.74086,-33.15416],[-70.73811,-33.15804],[-70.73554,-33.15933],[-70.73296,-33.16321],[-70.73468,-33.16645],[-70.74009,-33.16882],[-70.74369,-33.16918],[-70.74627,-33.17198],[-70.75193,-33.17528],[-70.75614,-33.17967],[-70.76446,-33.17931],[-70.76807,-33.17614],[-70.77296,-33.17543],[-70.78283,-33.17198],[-70.79209,-33.17248],[-70.7912,-33.17402],[-70.78477,-33.17887],[-70.78323,-33.18089],[-70.76782,-33.21549],[-70.73511,-33.2886],[-70.71902,-33.32441]]]},"properties":{"name":"Colina"}},
{"type":"Feature","geometry":{"type":"Polygon","coordinates":[[[-70.69348,-33.38131],[-70.70026,-33.36619],[-70.68891,-33.36622],[-70.69305,-33.35211],[-70.6888,-33.34787],[-70.68588,-33.34084],[-70.68013,-33.33798],[-70.68122,-33.33094],[-70.68261,-33.32961],[-70.68855,-33.32837],[-70.6901,-33.32464],[-70.69472,-33.32316],[-70.69936,-33.31965],[-70.71131,-33.31868],[-70.70866,-33.3219],[-70.71902,-33.32441],[-70.75308,-33.33205],[-70.79169,-33.34125],[-70.79748,-33.33934],[-70.79875,-33.34459],[-70.80363,-33.35036],[-70.80134,-33.35169],[-70.78547,-33.36359],[-70.77324,-33.37309],[-70.76398,-33.37806],[-70.7566,-33.38347],[-70.75059,-33.38587],[-70.74821,-33.39059],[-70.74551,-33.38938],[-70.73922,-33.39004],[-70.73651,-33.39293],[-70.73106,-33.39174],[-70.71568,-33.39152],[-70.71121,-33.3907],[-70.70807,-33.38692],[-70.70342,-33.38322],[-70.69593,-33.38238],[-70.69348,-33.38131]]]},"properties":{"name":"Quilicura"}},
{"type":"Feature","geometry":{"type":"Polygon","coordinates":[[[-70.48597,-33.46282],[-70.51382,-33.46015],[-70.52959,-33.45915],[-70.53134,-33.46545],[-70.53992,-33.46303],[-70.54434,-33.46363],[-70.55091,-33.46266],[-70.56241,-33.46249],[-70.57232,-33.45899],[-70.57646,-33.46942],[-70.58057,-33.48904],[-70.58681,-33.49954],[-70.58904,-33.5045],[-70.59025,-33.51045],[-70.5875,-33.51002],[-70.56904,-33.51152],[-70.56409,-33.51135],[-70.54188,-33.51252],[-70.52736,-33.50806],[-70.52427,-33.50768],[-70.51871,-33.50442],[-70.51672,-33.50244],[-70.51201,-33.50111],[-70.50013,-33.49905],[-70.4985,-33.49758],[-70.49163,-33.5006],[-70.48549,-33.50153],[-70.48,-33.49698],[-70.47652,-33.49514],[-70.47117,-33.49447],[-70.4672,-33.49245],[-70.46284,-33.49232],[-70.46018,-33.49412],[-70.45407,-33.4957],[-70.4504,-33.49575],[-70.44279,-33.49217],[-70.43731,-33.49156],[-70.43874,-33.48567],[-70.4443,-33.48523],[-70.45073,-33.48258],[-70.4608,-33.47578],[-70.47158,-33.47523],[-70.47425,-33.4732],[-70.47794,-33.46876],[-70.48412,-33.46368],[-70.48597,-33.46282]]]},"properties":{"name":"Peñalolén"}},
{"type":"Feature","geometry":{"type":"Polygon","coordinates":[[[-70.68068,-33.47652],[-70.68082,-33.4784],[-70.67158,-33.47854],[-70.67161,-33.47585],[-70.66101,-33.47576],[-70.65493,-33.47645],[-70.64196,-33.4764],[-70.63972,-33.47621],[-70.62702,-33.47169],[-70.62509,-33.46954],[-70.62604,-33.46877],[-70.63155,-33.44984],[-70.6354,-33.4357],[-70.6516,-33.43195],[-70.6637,-33.42875],[-70.67133,-33.42602],[-70.67147,-33.42651],[-70.6718,-33.42833],[-70.67664,-33.42665],[-70.6806,-33.42899],[-70.68103,-33.43602],[-70.6837,-33.43652],[-70.68414,-33.43872],[-70.69184,-33.43926],[-70.69205,-33.44448],[-70.67958,-33.44386],[-70.67898,-33.45082],[-70.67785,-33.45114],[-70.67917,-33.46945],[-70.67295,-33.47062],[-70.67285,-33.47512],[-70.67573,-33.47668],[-70.68068,-33.47652]]]},"properties":{"name":"Santiago"}},
{"type":"Feature","geometry":{"type":"Polygon","coordinates":[[[-70.2434,-33.18676],[-70.24204,-33.19071],[-70.24044,-33.19172],[-70.24114,-33.19573],[-70.2388,-33.20061],[-70.23687,-33.20224],[-70.23111,-33.2033],[-70.22692,-33.21097],[-70.22483,-33.21319],[-70.22076,-33.21528],[-70.21793,-33.21812],[-70.21802,-33.22326],[-70.22023,-33.22462],[-70.22375,-33.23066],[-70.22217,-33.23549],[-70.22249,-33.23779],[-70.2172,-33.23875],[-70.21621,-33.24239],[-70.21399,-33.24526],[-70.20918,-33.24832],[-70.20864,-33.24976],[-70.21114,-33.25329],[-70.21054,-33.25884],[-70.20501,-33.26191],[-70.20063,-33.26918],[-70.19834,-33.27206],[-70.20049,-33.27743],[-70.19903,-33.28375],[-70.19891,-33.29136],[-70.19373,-33.29674],[-70.18636,-33.30775],[-70.1868,-33.31173],[-70.18471,-33.31498],[-70.18254,-33.32195],[-70.18312,-33.32591],[-70.18172,-33.3304],[-70.18246,-33.33727],[-70.17606,-33.34541],[-70.1803,-33.35017],[-70.1776,-33.35562],[-70.18154,-33.35971],[-70.18178,-33.36181],[-70.19015,-33.36415],[-70.19465,-33.37163],[-70.19339,-33.37497],[-70.19391,-33.37712],[-70.19653,-33.37828],[-70.19854,-33.38078],[-70.19928,-33.38527],[-70.20328,-33.39093],[-70.20862,-33.39385],[-70.21417,-33.39602],[-70.21821,-33.40071],[-70.21706,-33.40387],[-70.21712,-33.40915],[-70.22,-33.41288],[-70.2265,-33.41547],[-70.22913,-33.41921],[-70.2358,-33.42346],[-70.23793,-33.42938],[-70.24105,-33.4309],[-70.24474,-33.43592],[-70.25095,-33.43877],[-70.25398,-33.43939],[-70.25787,-33.44378],[-70.26299,-33.44373],[-70.27192,-33.44775],[-70.27597,-33.45292],[-70.28272,-33.45474],[-70.28701,-33.45186],[-70.2984,-33.45463],[-70.29891,-33.45722],[-70.30558,-33.46495],[-70.31558,-33.46655],[-70.32006,-33.47214],[-70.32564,-33.47289],[-70.33502,-33.47726],[-70.34353,-33.48735],[-70.34736,-33.48968],[-70.35143,-33.49114],[-70.35441,-33.48584],[-70.36276,-33.48672],[-70.36735,-33.48343],[-70.37594,-33.48243],[-70.37972,-33.48304],[-70.38273,-33.48521],[-70.38678,-33.48585],[-70.39316,-33.49065],[-70.39767,-33.48889],[-70.40124,-33.48977],[-70.40676,-33.48758],[-70.4184,-33.48128],[-70.42633,-33.48295],[-70.43382,-33.48042],[-70.43874,-33.48567],[-70.43731,-33.49156],[-70.43716,-33.49824],[-70.4436,-33.50483],[-70.44995,-33.5059],[-70.4593,-33.51399],[-70.46047,-33.51588],[-70.4642,-33.51657],[-70.46548,-33.51821],[-70.4672,-33.52358],[-70.46892,-33.52666],[-70.47561,-33.52895],[-70.47896,-33.53131],[-70.47956,-33.5361],[-70.48437,-33.53875],[-70.48683,-33.54289],[-70.48583,-33.54805],[-70.48677,-33.5527],[-70.48851,-33.55575],[-70.48947,-33.56042],[-70.49338,-33.5633],[-70.49595,-33.56772],[-70.50043,-33.57224],[-70.49984,-33.58082],[-70.49804,-33.58252],[-70.49842,-33.58867],[-70.49625,-33.59148],[-70.49532,-33.59987],[-70.49108,-33.59838],[-70.48911,-33.59561],[-70.48618,-33.59439],[-70.48008,-33.59382],[-70.47886,-33.58981],[-70.47702,-33.58949],[-70.47343,-33.59226],[-70.46041,-33.59074],[-70.45991,-33.58838],[-70.46206,-33.5839],[-70.46052,-33.58173],[-70.45738,-33.58286],[-70.45258,-33.58275],[-70.44921,-33.57962],[-70.44382,-33.57869],[-70.44331,-33.5902],[-70.44125,-33.59728],[-70.44039,-33.60425],[-70.4412,-33.60827],[-70.43891,-33.61543],[-70.4357,-33.62055],[-70.42776,-33.61994],[-70.42326,-33.63476],[-70.42058,-33.63719],[-70.41678,-33.63801],[-70.41211,-33.64249],[-70.41033,-33.64544],[-70.40777,-33.6463],[-70.40897,-33.64948],[-70.41277,-33.65367],[-70.41575,-33.65528],[-70.42071,-33.66021],[-70.42859,-33.6608],[-70.43307,-33.66496],[-70.43022,-33.66939],[-70.4314,-33.6735],[-70.43706,-33.67685],[-70.43977,-33.68048],[-70.44057,-33.68324],[-70.4382,-33.68821],[-70.43365,-33.69505],[-70.42442,-33.6983],[-70.42189,-33.69962],[-70.41333,-33.70122],[-70.40957,-33.70305],[-70.40503,-33.70678],[-70.40161,-33.70838],[-70.40041,-33.71301],[-70.4038,-33.71806],[-70.40327,-33.72248],[-70.40174,-33.72527],[-70.40442,-33.73064],[-70.40286,-33.7331],[-70.40348,-33.74188],[-70.39985,-33.74688],[-70.39953,-33.74961],[-70.40129,-33.75298],[-70.40324,-33.75394],[-70.40309,-33.75755],[-70.40477,-33.75833],[-70.40249,-33.76154],[-70.40249,-33.76408],[-70.40412,-33.76905],[-70.40846,-33.77562],[-70.40674,-33.78054],[-70.40709,-33.78384],[-70.40539,-33.78537],[-70.40292,-33.79045],[-70.40616,-33.79593],[-70.40329,-33.80229],[-70.40333,-33.81436],[-70.40629,-33.82018],[-70.40833,-33.82708],[-70.40758,-33.83187],[-70.40902,-33.83552],[-70.41389,-33.83982],[-70.41912,-33.84046],[-70.42273,-33.84388],[-70.42846,-33.85162],[-70.43155,-33.85206],[-70.43368,-33.85378],[-70.42683,-33.855],[-70.42168,-33.85424],[-70.41781,-33.8565],[-70.41747,-33.86051],[-70.4143,-33.86418],[-70.4117,-33.87008],[-70.40741,-33.87426],[-70.4014,-33.87678],[-70.39844,-33.88094],[-70.39207,-33.88175],[-70.38501,-33.87941],[-70.3823,-33.87986],[-70.37497,-33.88375],[-70.37586,-33.88772],[-70.37378,-33.89275],[-70.37162,-33.89455],[-70.37275,-33.89974],[-70.37022,-33.90504],[-70.36866,-33.90674],[-70.37207,-33.90985],[-70.37578,-33.91147],[-70.37597,-33.91454],[-70.37858,-33.91879],[-70.37655,-33.92305],[-70.37662,-33.92839],[-70.37361,-33.93229],[-70.36726,-33.9385],[-70.36625,-33.94356],[-70.36005,-33.95052],[-70.34854,-33.95443],[-70.34587,-33.9578],[-70.34685,-33.96289],[-70.3505,-33.96725],[-70.3508,-33.9692],[-70.34681,-33.97458],[-70.34022,-33.97977],[-70.33306,-33.98011],[-70.32894,-33.98152],[-70.32746,-33.98607],[-70.32758,-33.9915],[-70.32175,-33.99869],[-70.32241,-34.00194],[-70.32619,-34.00555],[-70.32752,-34.00975],[-70.32184,-34.01332],[-70.32112,-34.01618],[-70.32497,-34.01893],[-70.32951,-34.01974],[-70.33372,-34.02331],[-70.3391,-34.0301],[-70.33939,-34.03297],[-70.34426,-34.03833],[-70.34136,-34.04269],[-70.34047,-34.05165],[-70.3366,-34.05556],[-70.33373,-34.05566],[-70.32955,-34.05893],[-70.32628,-34.05898],[-70.32388,-34.05709],[-70.31473,-34.05725],[-70.31335,-34.06177],[-70.30821,-34.06678],[-70.30348,-34.06523],[-70.30316,-34.0617],[-70.30115,-34.06021],[-70.29499,-34.05983],[-70.28792,-34.05781],[-70.28156,-34.06165],[-70.26953,-34.06592],[-70.26572,-34.07121],[-70.262,-34.07127],[-70.25946,-34.06716],[-70.25534,-34.06513],[-70.25331,-34.06027],[-70.24792,-34.05708],[-70.24875,-34.04749],[-70.24512,-34.04207],[-70.24583,-34.03761],[-70.24356,-34.03369],[-70.24126,-34.03255],[-70.22946,-34.03122],[-70.22624,-34.03168],[-70.22192,-34.03007],[-70.21759,-34.03075],[-70.21493,-34.03004],[-70.2098,-34.03113],[-70.20547,-34.03445],[-70.19978,-34.03403],[-70.19114,-34.03211],[-70.18626,-34.03219],[-70.17833,-34.03696],[-70.1759,-34.0408],[-70.17043,-34.04482],[-70.17039,-34.04821],[-70.17539,-34.05431],[-70.17446,-34.06077],[-70.17208,-34.0643],[-70.17202,-34.07013],[-70.16818,-34.07683],[-70.165,-34.07998],[-70.16466,-34.08346],[-70.16182,-34.08606],[-70.15934,-34.0931],[-70.16361,-34.09493],[-70.16515,-34.0967],[-70.16401,-34.10209],[-70.15824,-34.11061],[-70.1547,-34.11283],[-70.1432,-34.11713],[-70.14234,-34.12017],[-70.14723,-34.123],[-70.15026,-34.12388],[-70.15406,-34.12779],[-70.15755,-34.12967],[-70.15869,-34.13248],[-70.1617,-34.13365],[-70.16577,-34.14022],[-70.16378,-34.14266],[-70.16041,-34.14886],[-70.1624,-34.15271],[-70.16313,-34.15869],[-70.15991,-34.15793],[-70.15474,-34.16132],[-70.15011,-34.1669],[-70.15004,-34.16959],[-70.14672,-34.17236],[-70.14573,-34.17467],[-70.1473,-34.17902],[-70.1359,-34.18777],[-70.13311,-34.18892],[-70.12697,-34.18815],[-70.12199,-34.18823],[-70.11689,-34.19056],[-70.1149,-34.19957],[-70.11214,-34.20183],[-70.10595,-34.20306],[-70.10137,-34.20259],[-70.09356,-34.2031],[-70.08771,-34.20257],[-70.08109,-34.19918],[-70.07806,-34.1984],[-70.06999,-34.20396],[-70.06667,-34.20901],[-70.06269,-34.21255],[-70.05844,-34.21791],[-70.05666,-34.21917],[-70.05028,-34.22653],[-70.05157,-34.23539],[-70.05145,-34.23818],[-70.04927,-34.24306],[-70.05156,-34.25044],[-70.05248,-34.25619],[-70.05432,-34.25884],[-70.05401,-34.26431],[-70.05259,-34.26686],[-70.05326,-34.27083],[-70.05244,-34.28042],[-70.04607,-34.28101],[-70.04052,-34.28389],[-70.03814,-34.28404],[-70.03122,-34.28782],[-70.02741,-34.28625],[-70.02249,-34.28147],[-70.01933,-34.28128],[-70.01978,-34.27696],[-70.01529,-34.27481],[-70.01129,-34.26627],[-70.00683,-34.26575],[-70.00246,-34.26131],[-69.99679,-34.26057],[-69.9926,-34.26124],[-69.9867,-34.26106],[-69.98507,-34.25918],[-69.98391,-34.25482],[-69.98214,-34.25345],[-69.97641,-34.25223],[-69.97242,-34.24971],[-69.96956,-34.25001],[-69.95844,-34.25636],[-69.95437,-34.25968],[-69.94959,-34.26595],[-69.94812,-34.26633],[-69.94589,-34.2701],[-69.94234,-34.27186],[-69.94118,-34.27406],[-69.94107,-34.27952],[-69.93675,-34.27999],[-69.93031,-34.28165],[-69.92343,-34.28518],[-69.92262,-34.28889],[-69.92068,-34.29014],[-69.91654,-34.28976],[-69.90993,-34.29174],[-69.90582,-34.28869],[-69.89786,-34.28467],[-69.89865,-34.27976],[-69.89814,-34.27658],[-69.89931,-34.26978],[-69.89733,-34.26582],[-69.89331,-34.26515],[-69.88263,-34.26535],[-69.87796,-34.26704],[-69.87199,-34.26688],[-69.86726,-34.2658],[-69.86622,-34.26381],[-69.86182,-34.26398],[-69.85963,-34.26152],[-69.85624,-34.26155],[-69.85438,-34.25625],[-69.84858,-34.25721],[-69.8411,-34.2568],[-69.838,-34.25608],[-69.82691,-34.25564],[-69.82736,-34.25208],[-69.82428,-34.24885],[-69.81693,-34.24688],[-69.80763,-34.248],[-69.80524,-34.2461],[-69.80508,-34.24158],[-69.80266,-34.23562],[-69.80257,-34.23338],[-69.80526,-34.22992],[-69.80549,-34.22601],[-69.80218,-34.22503],[-69.79858,-34.21777],[-69.79947,-34.21483],[-69.79716,-34.21102],[-69.79709,-34.20696],[-69.79891,-34.20481],[-69.80028,-34.20087],[-69.80116,-34.19353],[-69.80384,-34.19169],[-69.81128,-34.18494],[-69.81599,-34.17672],[-69.81956,-34.17541],[-69.82374,-34.17051],[-69.82744,-34.16806],[-69.83315,-34.1674],[-69.83458,-34.16542],[-69.83504,-34.16046],[-69.83617,-34.15844],[-69.83944,-34.15722],[-69.84102,-34.15511],[-69.84723,-34.152],[-69.85499,-34.14692],[-69.86105,-34.14169],[-69.86373,-34.14057],[-69.86661,-34.14209],[-69.86997,-34.141],[-69.86973,-34.13628],[-69.87264,-34.13396],[-69.87096,-34.12541],[-69.8687,-34.12348],[-69.86229,-34.12078],[-69.86103,-34.11896],[-69.85573,-34.11529],[-69.85981,-34.10386],[-69.85249,-34.09876],[-69.84463,-34.09678],[-69.84187,-34.09554],[-69.83957,-34.09181],[-69.83795,-34.09122],[-69.83377,-34.08703],[-69.83366,-34.07676],[-69.83176,-34.07328],[-69.83314,-34.071],[-69.83923,-34.07103],[-69.84465,-34.07008],[-69.84841,-34.0682],[-69.85076,-34.06435],[-69.85084,-34.06148],[-69.85284,-34.05969],[-69.85401,-34.0551],[-69.84926,-34.05087],[-69.84911,-34.04878],[-69.84561,-34.03934],[-69.84292,-34.03515],[-69.83649,-34.0323],[-69.82485,-34.02122],[-69.82138,-34.01574],[-69.82244,-34.01087],[-69.83936,-34.00705],[-69.84204,-33.99884],[-69.84086,-33.99584],[-69.84114,-33.99255],[-69.84438,-33.9866],[-69.84643,-33.98069],[-69.8523,-33.97491],[-69.85427,-33.9708],[-69.8552,-33.96613],[-69.85762,-33.9636],[-69.87014,-33.96315],[-69.87424,-33.96435],[-69.87978,-33.96967],[-69.88104,-33.97565],[-69.88386,-33.97664],[-69.89083,-33.975],[-69.89463,-33.97266],[-69.89857,-33.97218],[-69.90497,-33.96563],[-69.90564,-33.96337],[-69.90044,-33.95553],[-69.90077,-33.94949],[-69.89462,-33.94477],[-69.89208,-33.94004],[-69.89409,-33.93571],[-69.89173,-33.9317],[-69.89167,-33.92325],[-69.88993,-33.92018],[-69.88188,-33.91523],[-69.87572,-33.91417],[-69.87311,-33.90738],[-69.86408,-33.90045],[-69.86305,-33.89834],[-69.85544,-33.89257],[-69.85694,-33.88884],[-69.85664,-33.88589],[-69.8607,-33.8844],[-69.86443,-33.88181],[-69.86704,-33.88133],[-69.86943,-33.87615],[-69.86946,-33.86862],[-69.87338,-33.86079],[-69.8791,-33.85894],[-69.88463,-33.85499],[-69.88685,-33.85074],[-69.89367,-33.84834],[-69.89595,-33.84877],[-69.899,-33.84741],[-69.89848,-33.8384],[-69.89566,-33.83605],[-69.89606,-33.83325],[-69.89827,-33.82909],[-69.89642,-33.82825],[-69.89424,-33.8246],[-69.89654,-33.82171],[-69.89711,-33.8134],[-69.89322,-33.80676],[-69.89605,-33.80113],[-69.89494,-33.79372],[-69.89377,-33.79138],[-69.89537,-33.78965],[-69.89714,-33.78471],[-69.90054,-33.78097],[-69.90395,-33.77917],[-69.9041,-33.77097],[-69.9011,-33.76622],[-69.89972,-33.76069],[-69.89614,-33.75577],[-69.89066,-33.75093],[-69.88979,-33.74931],[-69.88154,-33.74392],[-69.88083,-33.74184],[-69.8764,-33.73764],[-69.87762,-33.73377],[-69.87321,-33.72664],[-69.86901,-33.72358],[-69.86567,-33.71787],[-69.86488,-33.71462],[-69.86904,-33.7091],[-69.86923,-33.70626],[-69.87085,-33.70372],[-69.8718,-33.69857],[-69.87357,-33.69418],[-69.87738,-33.68834],[-69.88169,-33.68668],[-69.88452,-33.68428],[-69.88139,-33.67379],[-69.88215,-33.67209],[-69.8817,-33.66636],[-69.8796,-33.6587],[-69.87654,-33.65829],[-69.87086,-33.65369],[-69.87038,-33.65194],[-69.87875,-33.64711],[-69.87437,-33.63877],[-69.87431,-33.63379],[-69.87644,-33.63046],[-69.87487,-33.62393],[-69.88079,-33.61844],[-69.87544,-33.60804],[-69.87453,-33.60106],[-69.87157,-33.5976],[-69.86726,-33.59553],[-69.86703,-33.59211],[-69.86535,-33.58552],[-69.86535,-33.5831],[-69.86891,-33.5716],[-69.86901,-33.56544],[-69.87352,-33.5576],[-69.87384,-33.55489],[-69.87268,-33.55166],[-69.87163,-33.54419],[-69.87152,-33.53887],[-69.86987,-33.53723],[-69.86392,-33.53375],[-69.85988,-33.53237],[-69.85465,-33.52493],[-69.84844,-33.52133],[-69.83971,-33.51874],[-69.83561,-33.5158],[-69.83376,-33.51114],[-69.83187,-33.5018],[-69.83257,-33.49435],[-69.83216,-33.49055],[-69.83052,-33.48732],[-69.82976,-33.48007],[-69.8269,-33.47515],[-69.81754,-33.47236],[-69.81511,-33.4693],[-69.81712,-33.46554],[-69.82101,-33.46114],[-69.82144,-33.45286],[-69.81915,-33.45103],[-69.81431,-33.44339],[-69.81493,-33.43974],[-69.81685,-33.43825],[-69.82021,-33.43301],[-69.81905,-33.43075],[-69.81567,-33.42838],[-69.81155,-33.42748],[-69.80776,-33.42492],[-69.80447,-33.42403],[-69.79792,-33.4246],[-69.79623,-33.42375],[-69.79572,-33.4208],[-69.79754,-33.41878],[-69.79726,-33.41531],[-69.79817,-33.40902],[-69.80051,-33.40425],[-69.80293,-33.40221],[-69.80741,-33.39604],[-69.81022,-33.39505],[-69.81284,-33.3923],[-69.79509,-33.39677],[-69.79192,-33.39402],[-69.78658,-33.39238],[-69.77742,-33.38304],[-69.775,-33.37716],[-69.77286,-33.37007],[-69.77257,-33.3641],[-69.77039,-33.35887],[-69.77066,-33.35313],[-69.76914,-33.34666],[-69.77556,-33.33365],[-69.77629,-33.32906],[-69.7786,-33.32708],[-69.78076,-33.32127],[-69.78306,-33.31902],[-69.78643,-33.31306],[-69.79041,-33.30895],[-69.7937,-33.30143],[-69.79523,-33.30011],[-69.79622,-33.29617],[-69.79937,-33.28871],[-69.80074,-33.28758],[-69.80876,-33.29024],[-69.81518,-33.28916],[-69.81832,-33.28693],[-69.82422,-33.28077],[-69.82796,-33.28086],[-69.83249,-33.27436],[-69.84043,-33.272],[-69.84623,-33.27592],[-69.84917,-33.27563],[-69.85674,-33.27998],[-69.85939,-33.28323],[-69.86929,-33.27916],[-69.87465,-33.27619],[-69.88109,-33.27642],[-69.88635,-33.27896],[-69.89065,-33.27594],[-69.89669,-33.27495],[-69.90099,-33.27344],[-69.90465,-33.27309],[-69.9089,-33.27044],[-69.91748,-33.24475],[-69.92169,-33.24657],[-69.91902,-33.2493],[-69.91712,-33.25444],[-69.91563,-33.2561],[-69.91783,-33.26401],[-69.91709,-33.26729],[-69.92283,-33.26816],[-69.92486,-33.27045],[-69.93007,-33.27442],[-69.93448,-33.27526],[-69.9387,-33.27749],[-69.94303,-33.28464],[-69.94877,-33.28269],[-69.95206,-33.28736],[-69.95694,-33.28877],[-69.96111,-33.29178],[-69.96882,-33.30082],[-69.96828,-33.30678],[-69.96925,-33.30921],[-69.97185,-33.31109],[-69.97985,-33.31252],[-69.99201,-33.31929],[-69.99457,-33.31799],[-69.99983,-33.32236],[-70.00343,-33.32235],[-70.00503,-33.3196],[-70.00838,-33.31702],[-70.00724,-33.3123],[-70.00944,-33.30804],[-70.00939,-33.30456],[-70.01246,-33.30124],[-70.00707,-33.28996],[-70.00629,-33.28604],[-70.00863,-33.28577],[-70.01309,-33.28182],[-70.01776,-33.28016],[-70.01913,-33.2784],[-70.02313,-33.27661],[-70.02821,-33.27631],[-70.03005,-33.27391],[-70.03423,-33.27142],[-70.03881,-33.2703],[-70.03803,-33.26577],[-70.03462,-33.25801],[-70.03378,-33.25344],[-70.03148,-33.25215],[-70.03052,-33.24972],[-70.02778,-33.2476],[-70.02937,-33.2407],[-70.02622,-33.23597],[-70.02766,-33.23255],[-70.03203,-33.23132],[-70.03714,-33.2283],[-70.04134,-33.22841],[-70.04591,-33.22756],[-70.0475,-33.22625],[-70.05481,-33.2262],[-70.05509,-33.22343],[-70.06308,-33.20726],[-70.06469,-33.2054],[-70.06471,-33.20153],[-70.06354,-33.19841],[-70.06038,-33.19531],[-70.06146,-33.19104],[-70.06363,-33.18733],[-70.06384,-33.18292],[-70.06522,-33.17948],[-70.062,-33.17858],[-70.05741,-33.17106],[-70.06322,-33.16392],[-70.06682,-33.15584],[-70.06568,-33.15302],[-70.06203,-33.15081],[-70.05579,-33.14825],[-70.05574,-33.14342],[-70.05269,-33.14032],[-70.05132,-33.13719],[-70.05292,-33.13449],[-70.0617,-33.12804],[-70.0656,-33.12685],[-70.07562,-33.12136],[-70.0762,-33.11675],[-70.07298,-33.11304],[-70.07209,-33.10892],[-70.066,-33.10394],[-70.0708,-33.09501],[-70.06746,-33.08859],[-70.07053,-33.08159],[-70.07008,-33.07964],[-70.07363,-33.0709],[-70.07339,-33.06739],[-70.07571,-33.06323],[-70.08333,-33.05893],[-70.08641,-33.05623],[-70.09414,-33.05191],[-70.09703,-33.05259],[-70.10157,-33.05202],[-70.10742,-33.05909],[-70.11059,-33.06051],[-70.11629,-33.06552],[-70.11345,-33.07197],[-70.11983,-33.07293],[-70.12419,-33.07472],[-70.12928,-33.08013],[-70.12932,-33.08303],[-70.13148,-33.08672],[-70.13069,-33.09027],[-70.13159,-33.09277],[-70.13396,-33.09463],[-70.13977,-33.09475],[-70.14248,-33.09348],[-70.14674,-33.09327],[-70.1502,-33.09438],[-70.15325,-33.09653],[-70.15844,-33.09888],[-70.16256,-33.09844],[-70.1662,-33.1038],[-70.16877,-33.10519],[-70.17469,-33.10642],[-70.17742,-33.10602],[-70.17952,-33.10189],[-70.18385,-33.10155],[-70.18766,-33.10254],[-70.18708,-33.10543],[-70.19108,-33.10941],[-70.19943,-33.11047],[-70.20307,-33.11897],[-70.20284,-33.12253],[-70.20763,-33.12581],[-70.21206,-33.1268],[-70.21764,-33.12899],[-70.22359,-33.13494],[-70.22698,-33.13451],[-70.22943,-33.13668],[-70.23424,-33.13867],[-70.23518,-33.14089],[-70.23152,-33.1426],[-70.23037,-33.14493],[-70.22638,-33.14821],[-70.22603,-33.1496],[-70.22917,-33.15543],[-70.22933,-33.15797],[-70.2383,-33.1642],[-70.24245,-33.17312],[-70.24145,-33.17573],[-70.23913,-33.17664],[-70.23936,-33.17888],[-70.2434,-33.18676]]]},"properties":{"name":"San José de Maipo"}},
{"type":"Feature","geometry":{"type":"Polygon","coordinates":[[[-70.61136,-33.57006],[-70.61247,-33.57011],[-70.60943,-33.58705],[-70.60793,-33.59067],[-70.60658,-33.5974],[-70.60499,-33.6017],[-70.62704,-33.60459],[-70.62648,-33.61842],[-70.62862,-33.62747],[-70.62978,-33.63269],[-70.63133,-33.64305],[-70.62745,-33.64206],[-70.62161,-33.64335],[-70.61672,-33.64313],[-70.60813,-33.64142],[-70.60307,-33.64121],[-70.59668,-33.63817],[-70.59045,-33.63759],[-70.58779,-33.63502],[-70.58183,-33.6347],[-70.58045,-33.63367],[-70.57865,-33.62916],[-70.57659,-33.62731],[-70.57024,-33.62513],[-70.56758,-33.62541],[-70.56613,-33.62096],[-70.56436,-33.6203],[-70.55638,-33.6207],[-70.54913,-33.61834],[-70.54363,-33.61791],[-70.53887,-33.61962],[-70.52977,-33.6153],[-70.52544,-33.61687],[-70.51878,-33.61609],[-70.51741,-33.61323],[-70.51269,-33.61444],[-70.50891,-33.61323],[-70.50788,-33.60847],[-70.50132,-33.60872],[-70.499,-33.60754],[-70.50067,-33.60422],[-70.50037,-33.60179],[-70.49532,-33.59987],[-70.49625,-33.59148],[-70.49842,-33.58867],[-70.49804,-33.58252],[-70.49984,-33.58082],[-70.50043,-33.57224],[-70.49595,-33.56772],[-70.49338,-33.5633],[-70.48947,-33.56042],[-70.48851,-33.55575],[-70.48677,-33.5527],[-70.48583,-33.54805],[-70.48683,-33.54289],[-70.49154,-33.54411],[-70.49816,-33.54341],[-70.50413,-33.54634],[-70.51462,-33.54338],[-70.52165,-33.54276],[-70.53049,-33.54401],[-70.53686,-33.54819],[-70.54675,-33.55227],[-70.54855,-33.54943],[-70.55154,-33.54787],[-70.56827,-33.54754],[-70.5574,-33.56065],[-70.58452,-33.56548],[-70.5839,-33.56886],[-70.5922,-33.56992],[-70.5999,-33.56737],[-70.61136,-33.57006]]]},"properties":{"name":"Puente Alto"}},
{"type":"Feature","geometry":{"type":"Polygon","coordinates":[[[-70.61126,-33.51305],[-70.61157,-33.51045],[-70.61368,-33.50836],[-70.61853,-33.48739],[-70.62063,-33.48392],[-70.62303,-33.47492],[-70.62509,-33.46954],[-70.62702,-33.47169],[-70.63972,-33.47621],[-70.64196,-33.4764],[-70.64172,-33.48104],[-70.63984,-33.49522],[-70.63872,-33.50594],[-70.6366,-33.51875],[-70.62675,-33.51755],[-70.62021,-33.51443],[-70.61482,-33.51309],[-70.61126,-33.51305]]]},"properties":{"name":"San Joaquín"}},
{"type":"Feature","geometry":{"type":"Polygon","coordinates":[[[-70.64196,-33.4764],[-70.65493,-33.47645],[-70.67105,-33.51076],[-70.65816,-33.51468],[-70.64463,-33.51736],[-70.6366,-33.51875],[-70.63872,-33.50594],[-70.63984,-33.49522],[-70.64172,-33.48104],[-70.64196,-33.4764]]]},"properties":{"name":"San Miguel"}},
{"type":"Feature","geometry":{"type":"Polygon","coordinates":[[[-70.65493,-33.47645],[-70.66101,-33.47576],[-70.67161,-33.47585],[-70.67158,-33.47854],[-70.68082,-33.4784],[-70.68068,-33.47652],[-70.68629,-33.47618],[-70.68548,-33.47976],[-70.69105,-33.49356],[-70.69521,-33.50211],[-70.68458,-33.50572],[-70.67105,-33.51076],[-70.65493,-33.47645]]]},"properties":{"name":"Pedro Aguirre Cerda"}},
{"type":"Feature","geometry":{"type":"Polygon","coordinates":[[[-70.68068,-33.47652],[-70.67573,-33.47668],[-70.67285,-33.47512],[-70.67295,-33.47062],[-70.67917,-33.46945],[-70.67785,-33.45114],[-70.67898,-33.45082],[-70.67958,-33.44386],[-70.69205,-33.44448],[-70.6923,-33.44799],[-70.69806,-33.44769],[-70.70712,-33.44881],[-70.7056,-33.45732],[-70.71322,-33.45848],[-70.73161,-33.45492],[-70.73107,-33.45657],[-70.73118,-33.46796],[-70.73368,-33.46943],[-70.72199,-33.47322],[-70.71257,-33.48116],[-70.70586,-33.48074],[-70.6924,-33.47797],[-70.68629,-33.47618],[-70.68068,-33.47652]]]},"properties":{"name":"Estación Central"}},
{"type":"Feature","geometry":{"type":"Polygon","coordinates":[[[-70.72154,-33.43663],[-70.71033,-33.43818],[-70.70709,-33.43808],[-70.70712,-33.44881],[-70.69806,-33.44769],[-70.6923,-33.44799],[-70.69205,-33.44448],[-70.69184,-33.43926],[-70.68414,-33.43872],[-70.6837,-33.43652],[-70.68103,-33.43602],[-70.6806,-33.42899],[-70.67664,-33.42665],[-70.6718,-33.42833],[-70.67147,-33.42651],[-70.68175,-33.42248],[-70.69058,-33.41848],[-70.69351,-33.41491],[-70.70389,-33.40814],[-70.7134,-33.40815],[-70.72246,-33.4117],[-70.71591,-33.41513],[-70.71677,-33.41667],[-70.72154,-33.43663]]]},"properties":{"name":"Quinta Normal"}},
{"type":"Feature","geometry":{"type":"Polygon","coordinates":[[[-70.6516,-33.43195],[-70.65107,-33.42342],[-70.65015,-33.41776],[-70.65266,-33.41743],[-70.65304,-33.4064],[-70.65722,-33.40532],[-70.65819,-33.40055],[-70.66107,-33.39938],[-70.66638,-33.39894],[-70.67219,-33.3997],[-70.68189,-33.40301],[-70.68027,-33.40636],[-70.67876,-33.41739],[-70.6775,-33.41976],[-70.67411,-33.42229],[-70.67133,-33.42602],[-70.6637,-33.42875],[-70.6516,-33.43195]]]},"properties":{"name":"Independencia"}},
{"type":"Feature","geometry":{"type":"Polygon","coordinates":[[[-70.92088,-33.51126],[-70.90964,-33.50897],[-70.90389,-33.51076],[-70.90003,-33.51434],[-70.89762,-33.51792],[-70.89239,-33.52057],[-70.88672,-33.52793],[-70.88312,-33.52793],[-70.87445,-33.53187],[-70.8711,-33.53237],[-70.86835,-33.53094],[-70.86338,-33.53051],[-70.8584,-33.53087],[-70.85145,-33.53731],[-70.84175,-33.53337],[-70.83548,-33.53416],[-70.82335,-33.53739],[-70.81833,-33.53778],[-70.81179,-33.53051],[-70.80795,-33.52837],[-70.80416,-33.53157],[-70.80532,-33.53595],[-70.81293,-33.54076],[-70.81583,-33.5436],[-70.79782,-33.55568],[-70.78714,-33.56501],[-70.78356,-33.56775],[-70.77842,-33.56909],[-70.76735,-33.57185],[-70.76286,-33.56578],[-70.73357,-33.53281],[-70.72633,-33.52398],[-70.71836,-33.51392],[-70.72442,-33.50862],[-70.72703,-33.50988],[-70.73986,-33.51008],[-70.73387,-33.4972],[-70.73117,-33.49452],[-70.73127,-33.48246],[-70.72455,-33.48232],[-70.72199,-33.47322],[-70.73368,-33.46943],[-70.75826,-33.46474],[-70.76343,-33.46338],[-70.76483,-33.45897],[-70.77575,-33.45821],[-70.77707,-33.46271],[-70.78179,-33.46259],[-70.79305,-33.46061],[-70.79669,-33.46071],[-70.79613,-33.46282],[-70.80393,-33.46249],[-70.80662,-33.46113],[-70.81462,-33.46588],[-70.82456,-33.46751],[-70.82887,-33.46531],[-70.83325,-33.46652],[-70.84063,-33.46688],[-70.84664,-33.47504],[-70.84801,-33.47869],[-70.85419,-33.47891],[-70.85891,-33.47977],[-70.86578,-33.47762],[-70.87182,-33.4764],[-70.87865,-33.47614],[-70.89024,-33.47834],[-70.89445,-33.47827],[-70.89694,-33.4802],[-70.90586,-33.48335],[-70.9123,-33.48442],[-70.9135,-33.48686],[-70.91984,-33.48815],[-70.92432,-33.49237],[-70.9262,-33.49695],[-70.92844,-33.49995],[-70.92998,-33.50382],[-70.92844,-33.50768],[-70.92363,-33.50883],[-70.92088,-33.51126]]]},"properties":{"name":"Maipú"}},
{"type":"Feature","geometry":{"type":"Polygon","coordinates":[[[-70.69521,-33.50211],[-70.69105,-33.49356],[-70.68548,-33.47976],[-70.68629,-33.47618],[-70.6924,-33.47797],[-70.70586,-33.48074],[-70.71257,-33.48116],[-70.72199,-33.47322],[-70.72455,-33.48232],[-70.73127,-33.48246],[-70.73117,-33.49452],[-70.73387,-33.4972],[-70.73986,-33.51008],[-70.72703,-33.50988],[-70.72442,-33.50862],[-70.71836,-33.51392],[-70.72633,-33.52398],[-70.70628,-33.53149],[-70.70522,-33.52339],[-70.70287,-33.51776],[-70.69521,-33.50211]]]},"properties":{"name":"Cerrillos"}},
{"type":"Feature","geometry":{"type":"Polygon","coordinates":[[[-70.70712,-33.44881],[-70.70709,-33.43808],[-70.71033,-33.43818],[-70.72154,-33.43663],[-70.72441,-33.43769],[-70.73009,-33.43627],[-70.7409,-33.4364],[-70.74064,-33.44558],[-70.73957,-33.44662],[-70.73891,-33.45351],[-70.73161,-33.45492],[-70.71322,-33.45848],[-70.7056,-33.45732],[-70.70712,-33.44881]]]},"properties":{"name":"Lo Prado"}},
{"type":"Feature","geometry":{"type":"Polygon","coordinates":[[[-70.7409,-33.4364],[-70.74081,-33.4299],[-70.74674,-33.43001],[-70.75691,-33.42733],[-70.76321,-33.42758],[-70.76638,-33.42605],[-70.77235,-33.42561],[-70.77627,-33.42377],[-70.77948,-33.41789],[-70.78211,-33.41709],[-70.78227,-33.41383],[-70.78254,-33.40681],[-70.78149,-33.40448],[-70.7566,-33.38347],[-70.76398,-33.37806],[-70.77324,-33.37309],[-70.78547,-33.36359],[-70.80134,-33.35169],[-70.80363,-33.35036],[-70.80683,-33.35311],[-70.81156,-33.35944],[-70.8163,-33.36166],[-70.82062,-33.36286],[-70.82467,-33.37113],[-70.8282,-33.37303],[-70.82956,-33.37642],[-70.83277,-33.37866],[-70.83271,-33.38101],[-70.83716,-33.38253],[-70.83946,-33.38511],[-70.86075,-33.37612],[-70.86274,-33.37566],[-70.87363,-33.37516],[-70.87575,-33.37355],[-70.87877,-33.37568],[-70.88237,-33.37591],[-70.88645,-33.375],[-70.89243,-33.37537],[-70.90059,-33.37272],[-70.90416,-33.36993],[-70.91026,-33.36843],[-70.91477,-33.37035],[-70.91826,-33.37292],[-70.92558,-33.37632],[-70.93009,-33.37716],[-70.9332,-33.37923],[-70.94322,-33.38144],[-70.94481,-33.38358],[-70.94802,-33.38526],[-70.94846,-33.39175],[-70.95005,-33.39694],[-70.95206,-33.40035],[-70.95029,-33.40231],[-70.94992,-33.40714],[-70.95139,-33.41234],[-70.9477,-33.41668],[-70.9471,-33.42206],[-70.94843,-33.42649],[-70.94817,-33.43021],[-70.95031,-33.43646],[-70.95298,-33.43737],[-70.95493,-33.44315],[-70.95502,-33.44817],[-70.95017,-33.45287],[-70.94866,-33.45795],[-70.95022,-33.46175],[-70.9479,-33.46861],[-70.94445,-33.47136],[-70.93875,-33.47335],[-70.93712,-33.47525],[-70.93213,-33.47504],[-70.92918,-33.4774],[-70.92194,-33.48649],[-70.91984,-33.48815],[-70.9135,-33.48686],[-70.9123,-33.48442],[-70.90586,-33.48335],[-70.89694,-33.4802],[-70.89445,-33.47827],[-70.89024,-33.47834],[-70.87865,-33.47614],[-70.87182,-33.4764],[-70.86578,-33.47762],[-70.85891,-33.47977],[-70.85419,-33.47891],[-70.84801,-33.47869],[-70.84664,-33.47504],[-70.84063,-33.46688],[-70.83325,-33.46652],[-70.82887,-33.46531],[-70.82456,-33.46751],[-70.81462,-33.46588],[-70.80662,-33.46113],[-70.80393,-33.46249],[-70.79613,-33.46282],[-70.79669,-33.46071],[-70.79305,-33.46061],[-70.78179,-33.46259],[-70.77707,-33.46271],[-70.77575,-33.45821],[-70.76483,-33.45897],[-70.76343,-33.46338],[-70.75826,-33.46474],[-70.73368,-33.46943],[-70.73118,-33.46796],[-70.73107,-33.45657],[-70.73161,-33.45492],[-70.73891,-33.45351],[-70.73957,-33.44662],[-70.74064,-33.44558],[-70.7409,-33.4364]]]},"properties":{"name":"Pudahuel"}},
{"type":"Feature","geometry":{"type":"Polygon","coordinates":[[[-70.72154,-33.43663],[-70.71677,-33.41667],[-70.71591,-33.41513],[-70.72246,-33.4117],[-70.72686,-33.41346],[-70.73552,-33.41217],[-70.76022,-33.41252],[-70.77202,-33.41459],[-70.77604,-33.41355],[-70.78227,-33.41383],[-70.78211,-33.41709],[-70.77948,-33.41789],[-70.77627,-33.42377],[-70.77235,-33.42561],[-70.76638,-33.42605],[-70.76321,-33.42758],[-70.75691,-33.42733],[-70.74674,-33.43001],[-70.74081,-33.4299],[-70.7409,-33.4364],[-70.73009,-33.43627],[-70.72441,-33.43769],[-70.72154,-33.43663]]]},"properties":{"name":"Cerro Navia"}},
{"type":"Feature","geometry":{"type":"Polygon","coordinates":[[[-70.79209,-33.17248],[-70.79854,-33.17076],[-70.80346,-33.17256],[-70.81084,-33.17384],[-70.82155,-33.17849],[-70.82337,-33.18243],[-70.8259,-33.18471],[-70.83255,-33.18244],[-70.83583,-33.1801],[-70.84008,-33.18103],[-70.84454,-33.17988],[-70.85707,-33.18117],[-70.85759,-33.18232],[-70.85175,-33.18678],[-70.84901,-33.19396],[-70.85004,-33.19841],[-70.85192,-33.19956],[-70.85776,-33.20631],[-70.86154,-33.21665],[-70.86394,-33.22168],[-70.86875,-33.22627],[-70.87338,-33.22742],[-70.87888,-33.22656],[-70.88145,-33.228],[-70.88729,-33.22297],[-70.88574,-33.22024],[-70.8854,-33.21536],[-70.88677,-33.21364],[-70.89467,-33.21062],[-70.89255,-33.20691],[-70.89074,-33.19909],[-70.88984,-33.18582],[-70.89293,-33.18132],[-70.90327,-33.17815],[-70.91372,-33.17889],[-70.92031,-33.18117],[-70.93076,-33.18343],[-70.93415,-33.1828],[-70.93889,-33.1786],[-70.94039,-33.17632],[-70.947,-33.17346],[-70.9537,-33.1724],[-70.95747,-33.1756],[-70.96333,-33.17657],[-70.96848,-33.1763],[-70.9746,-33.17271],[-70.97749,-33.17335],[-70.98286,-33.17237],[-70.98543,-33.176],[-70.98506,-33.18021],[-70.99255,-33.18214],[-70.99518,-33.18551],[-70.9972,-33.19075],[-70.99782,-33.19844],[-70.99968,-33.20435],[-70.99959,-33.20792],[-71.00172,-33.21064],[-71.0019,-33.21312],[-71.00035,-33.21648],[-71.00245,-33.22201],[-71.00111,-33.22452],[-70.99633,-33.22851],[-70.99621,-33.2322],[-70.99418,-33.2378],[-70.98762,-33.24799],[-70.98446,-33.25408],[-70.98222,-33.26192],[-70.97778,-33.26655],[-70.97877,-33.27169],[-70.97568,-33.27597],[-70.97453,-33.27915],[-70.97526,-33.2845],[-70.97365,-33.28647],[-70.96797,-33.29011],[-70.97142,-33.29399],[-70.97949,-33.29595],[-70.98665,-33.29471],[-70.98739,-33.29783],[-70.98995,-33.3009],[-70.99407,-33.30208],[-70.99917,-33.30541],[-71.00162,-33.30852],[-71.00178,-33.31678],[-71.00374,-33.32091],[-71.00341,-33.32951],[-71.00192,-33.33388],[-70.99583,-33.34328],[-70.98917,-33.3462],[-70.98603,-33.35102],[-70.98696,-33.35654],[-70.9845,-33.36032],[-70.98025,-33.36398],[-70.97661,-33.36597],[-70.9713,-33.37003],[-70.96805,-33.37574],[-70.96227,-33.37918],[-70.95666,-33.38063],[-70.95231,-33.38395],[-70.94802,-33.38526],[-70.94481,-33.38358],[-70.94322,-33.38144],[-70.9332,-33.37923],[-70.93009,-33.37716],[-70.92558,-33.37632],[-70.91826,-33.37292],[-70.91477,-33.37035],[-70.91026,-33.36843],[-70.90416,-33.36993],[-70.90059,-33.37272],[-70.89243,-33.37537],[-70.88645,-33.375],[-70.88237,-33.37591],[-70.87877,-33.37568],[-70.87575,-33.37355],[-70.87363,-33.37516],[-70.86274,-33.37566],[-70.86075,-33.37612],[-70.83946,-33.38511],[-70.83716,-33.38253],[-70.83271,-33.38101],[-70.83277,-33.37866],[-70.82956,-33.37642],[-70.8282,-33.37303],[-70.82467,-33.37113],[-70.82062,-33.36286],[-70.8163,-33.36166],[-70.81156,-33.35944],[-70.80683,-33.35311],[-70.80363,-33.35036],[-70.79875,-33.34459],[-70.79748,-33.33934],[-70.79169,-33.34125],[-70.75308,-33.33205],[-70.71902,-33.32441],[-70.73511,-33.2886],[-70.76782,-33.21549],[-70.78323,-33.18089],[-70.78477,-33.17887],[-70.7912,-33.17402],[-70.79209,-33.17248]]]},"properties":{"name":"Lampa"}},
{"type":"Feature","geometry":{"type":"Polygon","coordinates":[[[-71.01257,-33.53954],[-70.99849,-33.53882],[-70.99171,-33.54097],[-70.98922,-33.54333],[-70.98845,-33.54583],[-70.98562,-33.54683],[-70.97377,-33.54548],[-70.96862,-33.54691],[-70.96081,-33.54762],[-70.95446,-33.54991],[-70.94924,-33.55577],[-70.94845,-33.56061],[-70.94346,-33.55848],[-70.93796,-33.55491],[-70.93625,-33.55212],[-70.9329,-33.55033],[-70.92964,-33.54646],[-70.92629,-33.53616],[-70.92672,-33.53402],[-70.92277,-33.524],[-70.9226,-33.51763],[-70.92063,-33.51348],[-70.92088,-33.51126],[-70.92363,-33.50883],[-70.92844,-33.50768],[-70.92998,-33.50382],[-70.92844,-33.49995],[-70.9262,-33.49695],[-70.92432,-33.49237],[-70.91984,-33.48815],[-70.92194,-33.48649],[-70.92918,-33.4774],[-70.93213,-33.47504],[-70.93712,-33.47525],[-70.93875,-33.47335],[-70.94445,-33.47136],[-70.9479,-33.46861],[-70.95022,-33.46175],[-70.94866,-33.45795],[-70.95017,-33.45287],[-70.95502,-33.44817],[-70.95493,-33.44315],[-70.95298,-33.43737],[-70.95031,-33.43646],[-70.94817,-33.43021],[-70.94843,-33.42649],[-70.9471,-33.42206],[-70.9477,-33.41668],[-70.95139,-33.41234],[-70.94992,-33.40714],[-70.95029,-33.40231],[-70.95206,-33.40035],[-70.95005,-33.39694],[-70.94846,-33.39175],[-70.94802,-33.38526],[-70.95231,-33.38395],[-70.95666,-33.38063],[-70.96227,-33.37918],[-70.96805,-33.37574],[-70.9713,-33.37003],[-70.97661,-33.36597],[-70.98025,-33.36398],[-70.9845,-33.36032],[-70.98696,-33.35654],[-70.98603,-33.35102],[-70.98917,-33.3462],[-70.99583,-33.34328],[-71.00192,-33.33388],[-71.00341,-33.32951],[-71.00374,-33.32091],[-71.00178,-33.31678],[-71.00162,-33.30852],[-70.99917,-33.30541],[-70.99407,-33.30208],[-70.98995,-33.3009],[-70.98739,-33.29783],[-70.98665,-33.29471],[-70.97949,-33.29595],[-70.97142,-33.29399],[-70.96797,-33.29011],[-70.97365,-33.28647],[-70.97526,-33.2845],[-70.97453,-33.27915],[-70.97568,-33.27597],[-70.97877,-33.27169],[-70.97778,-33.26655],[-70.98222,-33.26192],[-70.98446,-33.25408],[-70.98762,-33.24799],[-70.99418,-33.2378],[-70.99621,-33.2322],[-70.99633,-33.22851],[-71.00111,-33.22452],[-71.00245,-33.22201],[-71.00035,-33.21648],[-71.0019,-33.21312],[-71.00172,-33.21064],[-70.99959,-33.20792],[-70.99968,-33.20435],[-70.99782,-33.19844],[-71.00226,-33.19792],[-71.00686,-33.19841],[-71.00908,-33.20004],[-71.01506,-33.20027],[-71.01712,-33.2032],[-71.02184,-33.20148],[-71.02625,-33.20155],[-71.02886,-33.20545],[-71.02668,-33.20912],[-71.02595,-33.21384],[-71.02732,-33.21586],[-71.03303,-33.21495],[-71.03383,-33.21051],[-71.03667,-33.209],[-71.03789,-33.20675],[-71.04033,-33.20587],[-71.04431,-33.20955],[-71.0479,-33.20961],[-71.05208,-33.20557],[-71.0571,-33.20449],[-71.05795,-33.21143],[-71.06016,-33.21475],[-71.0612,-33.21828],[-71.05957,-33.2234],[-71.05994,-33.22578],[-71.06866,-33.22971],[-71.07468,-33.23072],[-71.08119,-33.22553],[-71.0849,-33.22445],[-71.0934,-33.2197],[-71.09745,-33.22051],[-71.10419,-33.22061],[-71.10777,-33.22007],[-71.11113,-33.22072],[-71.115,-33.22471],[-71.11561,-33.22703],[-71.11835,-33.23017],[-71.12108,-33.23185],[-71.12874,-33.23368],[-71.13066,-33.2353],[-71.13515,-33.23552],[-71.13914,-33.2374],[-71.14587,-33.23421],[-71.1489,-33.23216],[-71.15217,-33.22855],[-71.15986,-33.22704],[-71.16389,-33.22552],[-71.16457,-33.22824],[-71.17092,-33.23168],[-71.17562,-33.22906],[-71.18454,-33.22683],[-71.18697,-33.2277],[-71.1893,-33.22643],[-71.19441,-33.22843],[-71.19946,-33.22829],[-71.20278,-33.23063],[-71.20672,-33.23212],[-71.21087,-33.23181],[-71.21588,-33.23556],[-71.21519,-33.23878],[-71.21983,-33.23969],[-71.22229,-33.24115],[-71.22573,-33.24699],[-71.22562,-33.24998],[-71.22147,-33.25394],[-71.21972,-33.26031],[-71.22316,-33.26533],[-71.2266,-33.26851],[-71.22308,-33.27202],[-71.22237,-33.27933],[-71.21961,-33.28127],[-71.21342,-33.28792],[-71.21485,-33.29294],[-71.21032,-33.30268],[-71.20775,-33.30501],[-71.20581,-33.30894],[-71.20106,-33.31005],[-71.19563,-33.3095],[-71.19555,-33.31088],[-71.19895,-33.31529],[-71.20509,-33.32036],[-71.2058,-33.32206],[-71.2055,-33.3275],[-71.20794,-33.33077],[-71.21308,-33.33168],[-71.21112,-33.33345],[-71.21168,-33.33833],[-71.21438,-33.34352],[-71.21597,-33.34931],[-71.21601,-33.35192],[-71.21436,-33.35507],[-71.22014,-33.36058],[-71.22035,-33.36498],[-71.2251,-33.37419],[-71.23298,-33.37513],[-71.2364,-33.37449],[-71.24161,-33.37936],[-71.24427,-33.38331],[-71.25612,-33.38347],[-71.25816,-33.38509],[-71.2646,-33.38691],[-71.26748,-33.38899],[-71.26777,-33.39405],[-71.27184,-33.39741],[-71.27609,-33.39951],[-71.27746,-33.40205],[-71.27581,-33.40405],[-71.27157,-33.40589],[-71.26891,-33.40814],[-71.26267,-33.41097],[-71.25842,-33.41023],[-71.2522,-33.41171],[-71.24971,-33.41358],[-71.25033,-33.41524],[-71.24678,-33.41671],[-71.24273,-33.42042],[-71.2407,-33.42497],[-71.23826,-33.42619],[-71.23225,-33.42748],[-71.23019,-33.43321],[-71.22469,-33.43436],[-71.21251,-33.43378],[-71.2077,-33.43565],[-71.20238,-33.43966],[-71.19568,-33.4398],[-71.19139,-33.44138],[-71.1895,-33.44381],[-71.18813,-33.44925],[-71.1859,-33.45155],[-71.18332,-33.45212],[-71.17938,-33.4504],[-71.17646,-33.45026],[-71.16684,-33.44567],[-71.16444,-33.44539],[-71.16187,-33.44782],[-71.15792,-33.44797],[-71.15397,-33.44711],[-71.14916,-33.4494],[-71.1447,-33.44768],[-71.13474,-33.44782],[-71.12856,-33.44625],[-71.12547,-33.44725],[-71.11775,-33.44639],[-71.11294,-33.44453],[-71.10985,-33.44123],[-71.1059,-33.44252],[-71.1023,-33.44567],[-71.10024,-33.44582],[-71.08891,-33.44381],[-71.08187,-33.44095],[-71.07123,-33.43579],[-71.06762,-33.43321],[-71.06358,-33.43333],[-71.05905,-33.43014],[-71.0579,-33.4338],[-71.05893,-33.43729],[-71.06217,-33.44291],[-71.06305,-33.44691],[-71.0656,-33.45055],[-71.0664,-33.45938],[-71.07167,-33.4637],[-71.07351,-33.46861],[-71.07095,-33.47213],[-71.06919,-33.47218],[-71.06229,-33.47762],[-71.06132,-33.47929],[-71.06288,-33.48594],[-71.0632,-33.49456],[-71.05732,-33.49694],[-71.05372,-33.49751],[-71.052,-33.49937],[-71.04805,-33.50094],[-71.04342,-33.50495],[-71.03947,-33.5144],[-71.03484,-33.52256],[-71.02934,-33.52399],[-71.0254,-33.52628],[-71.02265,-33.529],[-71.02196,-33.532],[-71.0187,-33.53486],[-71.01492,-33.53658],[-71.01257,-33.53954]]]},"properties":{"name":"Curacaví"}},
{"type":"Feature","geometry":{"type":"Polygon","coordinates":[[[-70.81899,-33.59802],[-70.8136,-33.5936],[-70.81048,-33.59627],[-70.80823,-33.59332],[-70.80382,-33.58384],[-70.79763,-33.57304],[-70.7882,-33.5778],[-70.77842,-33.56909],[-70.78356,-33.56775],[-70.78714,-33.56501],[-70.79782,-33.55568],[-70.81583,-33.5436],[-70.81293,-33.54076],[-70.80532,-33.53595],[-70.80416,-33.53157],[-70.80795,-33.52837],[-70.81179,-33.53051],[-70.81833,-33.53778],[-70.82335,-33.53739],[-70.83548,-33.53416],[-70.84175,-33.53337],[-70.85145,-33.53731],[-70.8584,-33.53087],[-70.86338,-33.53051],[-70.86835,-33.53094],[-70.8711,-33.53237],[-70.87445,-33.53187],[-70.88312,-33.52793],[-70.88672,-33.52793],[-70.89239,-33.52057],[-70.89762,-33.51792],[-70.90003,-33.51434],[-70.90389,-33.51076],[-70.90964,-33.50897],[-70.92088,-33.51126],[-70.92063,-33.51348],[-70.9226,-33.51763],[-70.92277,-33.524],[-70.92672,-33.53402],[-70.92629,-33.53616],[-70.92964,-33.54646],[-70.9329,-33.55033],[-70.93625,-33.55212],[-70.93796,-33.55491],[-70.94346,-33.55848],[-70.94845,-33.56061],[-70.94877,-33.56447],[-70.94796,-33.56727],[-70.94332,-33.57219],[-70.93898,-33.57491],[-70.93635,-33.57752],[-70.93729,-33.58222],[-70.9357,-33.5838],[-70.93536,-33.58811],[-70.92999,-33.5888],[-70.91993,-33.58558],[-70.91251,-33.58741],[-70.90964,-33.58629],[-70.89877,-33.58769],[-70.89351,-33.58997],[-70.89252,-33.58574],[-70.8905,-33.58502],[-70.88939,-33.58191],[-70.88631,-33.58304],[-70.88139,-33.58068],[-70.87859,-33.5836],[-70.8749,-33.58128],[-70.86836,-33.5755],[-70.85608,-33.57573],[-70.84934,-33.57716],[-70.84781,-33.5808],[-70.83377,-33.58231],[-70.83461,-33.58561],[-70.81899,-33.59802]]]},"properties":{"name":"Padre Hurtado"}},
{"type":"Feature","geometry":{"type":"Polygon","coordinates":[[[-70.98543,-33.176],[-70.98286,-33.17237],[-70.97749,-33.17335],[-70.9746,-33.17271],[-70.96848,-33.1763],[-70.96333,-33.17657],[-70.95747,-33.1756],[-70.9537,-33.1724],[-70.947,-33.17346],[-70.94039,-33.17632],[-70.93889,-33.1786],[-70.93415,-33.1828],[-70.93076,-33.18343],[-70.92031,-33.18117],[-70.91372,-33.17889],[-70.90327,-33.17815],[-70.89293,-33.18132],[-70.88984,-33.18582],[-70.89074,-33.19909],[-70.89255,-33.20691],[-70.89467,-33.21062],[-70.88677,-33.21364],[-70.8854,-33.21536],[-70.88574,-33.22024],[-70.88729,-33.22297],[-70.88145,-33.228],[-70.87888,-33.22656],[-70.87338,-33.22742],[-70.86875,-33.22627],[-70.86394,-33.22168],[-70.86154,-33.21665],[-70.85776,-33.20631],[-70.85192,-33.19956],[-70.85004,-33.19841],[-70.84901,-33.19396],[-70.85175,-33.18678],[-70.85759,-33.18232],[-70.85707,-33.18117],[-70.84454,-33.17988],[-70.84008,-33.18103],[-70.83583,-33.1801],[-70.83255,-33.18244],[-70.8259,-33.18471],[-70.82337,-33.18243],[-70.82155,-33.17849],[-70.81084,-33.17384],[-70.80346,-33.17256],[-70.79854,-33.17076],[-70.79209,-33.17248],[-70.78283,-33.17198],[-70.77296,-33.17543],[-70.76807,-33.17614],[-70.76446,-33.17931],[-70.75614,-33.17967],[-70.75193,-33.17528],[-70.74627,-33.17198],[-70.74369,-33.16918],[-70.74009,-33.16882],[-70.73468,-33.16645],[-70.73296,-33.16321],[-70.73554,-33.15933],[-70.73811,-33.15804],[-70.74086,-33.15416],[-70.74258,-33.14769],[-70.74464,-33.14424],[-70.74996,-33.14295],[-70.75305,-33.13921],[-70.75717,-33.13619],[-70.75803,-33.13404],[-70.757,-33.12512],[-70.75339,-33.11851],[-70.75597,-33.11017],[-70.75888,-33.10399],[-70.7582,-33.09838],[-70.75047,-33.08817],[-70.74773,-33.08141],[-70.74687,-33.07436],[-70.7479,-33.07062],[-70.7527,-33.06429],[-70.76712,-33.0558],[-70.76472,-33.04904],[-70.75906,-33.04487],[-70.75751,-33.04271],[-70.76043,-33.03796],[-70.75957,-33.03393],[-70.75665,-33.03163],[-70.75339,-33.02616],[-70.75288,-33.024],[-70.75614,-33.01954],[-70.7527,-33.01292],[-70.75442,-33.00745],[-70.7582,-33.005],[-70.75923,-33.00313],[-70.75871,-32.99636],[-70.76043,-32.99435],[-70.76249,-32.9896],[-70.76438,-32.98729],[-70.77107,-32.98312],[-70.7618,-32.97952],[-70.75373,-32.97361],[-70.74961,-32.96843],[-70.74584,-32.96612],[-70.74137,-32.96655],[-70.7376,-32.96555],[-70.73416,-32.96267],[-70.72764,-32.95863],[-70.71952,-32.95199],[-70.72073,-32.94925],[-70.72038,-32.94119],[-70.72193,-32.93197],[-70.72244,-32.9262],[-70.73051,-32.92505],[-70.73635,-32.92217],[-70.7451,-32.9275],[-70.74888,-32.92851],[-70.76107,-32.92966],[-70.76364,-32.93197],[-70.77291,-32.93528],[-70.77755,-32.93355],[-70.78046,-32.92851],[-70.78733,-32.92952],[-70.79179,-32.9288],[-70.80021,-32.92462],[-70.80364,-32.92476],[-70.80724,-32.92639],[-70.81078,-32.92913],[-70.81785,-32.93028],[-70.82134,-32.92836],[-70.83205,-32.92763],[-70.83644,-32.92669],[-70.84205,-32.92286],[-70.84836,-32.92726],[-70.85283,-32.92897],[-70.86164,-32.93055],[-70.86703,-32.93271],[-70.87207,-32.93097],[-70.8783,-32.93514],[-70.88237,-32.93633],[-70.88671,-32.93857],[-70.88909,-32.93801],[-70.89484,-32.93496],[-70.89604,-32.93291],[-70.90008,-32.93495],[-70.90613,-32.9361],[-70.90773,-32.93905],[-70.90909,-32.94422],[-70.91598,-32.94479],[-70.91713,-32.94784],[-70.92374,-32.95555],[-70.92426,-32.96017],[-70.9263,-32.96422],[-70.92913,-32.96747],[-70.93936,-32.97299],[-70.94713,-32.97188],[-70.95031,-32.96792],[-70.95361,-32.96581],[-70.95691,-32.96931],[-70.96073,-32.97192],[-70.97081,-32.97612],[-70.97475,-32.97576],[-70.98243,-32.97656],[-70.98683,-32.97953],[-70.99246,-32.97749],[-70.99646,-32.97727],[-70.99959,-32.97564],[-71.00624,-32.97637],[-71.01473,-32.97639],[-71.02073,-32.98143],[-71.02278,-32.98493],[-71.02739,-32.9885],[-71.02668,-32.99221],[-71.02746,-32.99788],[-71.02672,-33.00424],[-71.02115,-33.01008],[-71.01936,-33.01309],[-71.01978,-33.0197],[-71.01715,-33.02646],[-71.01524,-33.02977],[-71.01399,-33.03649],[-71.00835,-33.04188],[-71.00515,-33.04649],[-71.00169,-33.04814],[-71.00146,-33.05004],[-71.00363,-33.05249],[-71.00703,-33.05246],[-71.00834,-33.05727],[-71.00975,-33.05926],[-71.00917,-33.06449],[-71.01151,-33.06513],[-71.01782,-33.06989],[-71.01897,-33.07317],[-71.02612,-33.07869],[-71.02805,-33.08431],[-71.01909,-33.09098],[-71.01502,-33.09547],[-71.01734,-33.10449],[-71.01996,-33.10829],[-71.0186,-33.11998],[-71.01677,-33.12239],[-71.01468,-33.12866],[-71.01236,-33.13269],[-71.012,-33.13798],[-71.01363,-33.14083],[-71.01245,-33.14404],[-71.01132,-33.15266],[-71.00501,-33.15694],[-70.99868,-33.16456],[-70.99308,-33.17363],[-70.98543,-33.176]]]},"properties":{"name":"Tiltil"}},
{"type":"Feature","geometry":{"type":"Polygon","coordinates":[[[-70.65819,-33.40055],[-70.65721,-33.39267],[-70.65712,-33.38659],[-70.65773,-33.37875],[-70.6568,-33.37641],[-70.68218,-33.36688],[-70.68891,-33.36622],[-70.70026,-33.36619],[-70.69348,-33.38131],[-70.68899,-33.39114],[-70.68189,-33.40301],[-70.67219,-33.3997],[-70.66638,-33.39894],[-70.66107,-33.39938],[-70.65819,-33.40055]]]},"properties":{"name":"Conchalí"}},
{"type":"Feature","geometry":{"type":"Polygon","coordinates":[[[-70.59025,-33.51045],[-70.58904,-33.5045],[-70.58681,-33.49954],[-70.58057,-33.48904],[-70.57646,-33.46942],[-70.5837,-33.47319],[-70.58972,-33.47407],[-70.5959,-33.47355],[-70.62303,-33.47492],[-70.62063,-33.48392],[-70.61853,-33.48739],[-70.61368,-33.50836],[-70.59215,-33.50969],[-70.59025,-33.51045]]]},"properties":{"name":"Macul"}},
{"type":"Feature","geometry":{"type":"Polygon","coordinates":[[[-70.67105,-33.51076],[-70.68458,-33.50572],[-70.69521,-33.50211],[-70.70287,-33.51776],[-70.70522,-33.52339],[-70.70628,-33.53149],[-70.68541,-33.53912],[-70.67817,-33.52559],[-70.67105,-33.51076]]]},"properties":{"name":"Lo Espejo"}},
{"type":"Feature","geometry":{"type":"Polygon","coordinates":[[[-70.64463,-33.51736],[-70.65816,-33.51468],[-70.67105,-33.51076],[-70.67817,-33.52559],[-70.68541,-33.53912],[-70.66923,-33.54506],[-70.66663,-33.54639],[-70.6535,-33.54877],[-70.6511,-33.53956],[-70.64463,-33.51736]]]},"properties":{"name":"La Cisterna"}},
{"type":"Feature","geometry":{"type":"Polygon","coordinates":[[[-70.6535,-33.54877],[-70.65493,-33.55498],[-70.63242,-33.55815],[-70.63102,-33.55806],[-70.63404,-33.54347],[-70.63459,-33.53466],[-70.6366,-33.51875],[-70.64463,-33.51736],[-70.6511,-33.53956],[-70.6535,-33.54877]]]},"properties":{"name":"San Ramón"}},
{"type":"Feature","geometry":{"type":"Polygon","coordinates":[[[-70.6535,-33.54877],[-70.66663,-33.54639],[-70.66923,-33.54506],[-70.68541,-33.53912],[-70.69301,-33.55592],[-70.69552,-33.55599],[-70.69676,-33.56404],[-70.70084,-33.57297],[-70.67667,-33.58248],[-70.66324,-33.5852],[-70.65699,-33.56304],[-70.65493,-33.55498],[-70.6535,-33.54877]]]},"properties":{"name":"El Bosque"}},
{"type":"Feature","geometry":{"type":"Polygon","coordinates":[[[-70.66324,-33.5852],[-70.67057,-33.60751],[-70.64346,-33.60986],[-70.64616,-33.62134],[-70.64348,-33.62154],[-70.64475,-33.62719],[-70.62862,-33.62747],[-70.62648,-33.61842],[-70.62704,-33.60459],[-70.60499,-33.6017],[-70.60658,-33.5974],[-70.60793,-33.59067],[-70.60943,-33.58705],[-70.61247,-33.57011],[-70.61136,-33.57006],[-70.61255,-33.56219],[-70.61044,-33.56197],[-70.61226,-33.55563],[-70.63065,-33.55979],[-70.63102,-33.55806],[-70.63242,-33.55815],[-70.65493,-33.55498],[-70.65699,-33.56304],[-70.66324,-33.5852]]]},"properties":{"name":"La Pintana"}},
{"type":"Feature","geometry":{"type":"Polygon","coordinates":[[[-70.61226,-33.55563],[-70.61479,-33.5468],[-70.61059,-33.54665],[-70.60975,-33.52621],[-70.61126,-33.51305],[-70.61482,-33.51309],[-70.62021,-33.51443],[-70.62675,-33.51755],[-70.6366,-33.51875],[-70.63459,-33.53466],[-70.63404,-33.54347],[-70.63102,-33.55806],[-70.63065,-33.55979],[-70.61226,-33.55563]]]},"properties":{"name":"La Granja"}},
{"type":"Feature","geometry":{"type":"Polygon","coordinates":[[[-70.61126,-33.51305],[-70.60975,-33.52621],[-70.61059,-33.54665],[-70.61479,-33.5468],[-70.61226,-33.55563],[-70.61044,-33.56197],[-70.61255,-33.56219],[-70.61136,-33.57006],[-70.5999,-33.56737],[-70.5922,-33.56992],[-70.5839,-33.56886],[-70.58452,-33.56548],[-70.5574,-33.56065],[-70.56827,-33.54754],[-70.55154,-33.54787],[-70.54855,-33.54943],[-70.54675,-33.55227],[-70.53686,-33.54819],[-70.53049,-33.54401],[-70.52165,-33.54276],[-70.51462,-33.54338],[-70.50413,-33.54634],[-70.49816,-33.54341],[-70.49154,-33.54411],[-70.48683,-33.54289],[-70.48437,-33.53875],[-70.47956,-33.5361],[-70.47896,-33.53131],[-70.47561,-33.52895],[-70.46892,-33.52666],[-70.4672,-33.52358],[-70.46548,-33.51821],[-70.4642,-33.51657],[-70.46047,-33.51588],[-70.4593,-33.51399],[-70.44995,-33.5059],[-70.4436,-33.50483],[-70.43716,-33.49824],[-70.43731,-33.49156],[-70.44279,-33.49217],[-70.4504,-33.49575],[-70.45407,-33.4957],[-70.46018,-33.49412],[-70.46284,-33.49232],[-70.4672,-33.49245],[-70.47117,-33.49447],[-70.47652,-33.49514],[-70.48,-33.49698],[-70.48549,-33.50153],[-70.49163,-33.5006],[-70.4985,-33.49758],[-70.50013,-33.49905],[-70.51201,-33.50111],[-70.51672,-33.50244],[-70.51871,-33.50442],[-70.52427,-33.50768],[-70.52736,-33.50806],[-70.54188,-33.51252],[-70.56409,-33.51135],[-70.56904,-33.51152],[-70.5875,-33.51002],[-70.59025,-33.51045],[-70.59215,-33.50969],[-70.61368,-33.50836],[-70.61157,-33.51045],[-70.61126,-33.51305]]]},"properties":{"name":"La Florida"}},
{"type":"Feature","geometry":{"type":"Polygon","coordinates":[[[-70.61408,-33.73869],[-70.61051,-33.74234],[-70.60917,-33.7472],[-70.6072,-33.75018],[-70.60539,-33.75674],[-70.60186,-33.75772],[-70.59894,-33.76069],[-70.59995,-33.7654],[-70.59625,-33.76892],[-70.59539,-33.77096],[-70.59566,-33.78017],[-70.59159,-33.78359],[-70.58645,-33.78487],[-70.5806,-33.78252],[-70.57753,-33.78253],[-70.56846,-33.7849],[-70.55982,-33.78425],[-70.55529,-33.78752],[-70.55257,-33.79085],[-70.54784,-33.79341],[-70.54581,-33.79624],[-70.54064,-33.79666],[-70.53442,-33.80015],[-70.53656,-33.8087],[-70.53334,-33.81394],[-70.53261,-33.8177],[-70.52669,-33.82472],[-70.52626,-33.83134],[-70.52115,-33.83365],[-70.51489,-33.83224],[-70.51221,-33.83337],[-70.50549,-33.83264],[-70.50227,-33.83412],[-70.49886,-33.8305],[-70.49127,-33.82992],[-70.48692,-33.83069],[-70.48212,-33.8356],[-70.48156,-33.83896],[-70.47981,-33.83987],[-70.47697,-33.84714],[-70.47539,-33.84846],[-70.47646,-33.85206],[-70.47502,-33.85593],[-70.47599,-33.85954],[-70.47442,-33.86238],[-70.46897,-33.86152],[-70.46247,-33.8585],[-70.44908,-33.85785],[-70.44494,-33.85523],[-70.44058,-33.85073],[-70.43749,-33.85117],[-70.43368,-33.85378],[-70.43155,-33.85206],[-70.42846,-33.85162],[-70.42273,-33.84388],[-70.41912,-33.84046],[-70.41389,-33.83982],[-70.40902,-33.83552],[-70.40758,-33.83187],[-70.40833,-33.82708],[-70.40629,-33.82018],[-70.40333,-33.81436],[-70.40329,-33.80229],[-70.40616,-33.79593],[-70.40292,-33.79045],[-70.40539,-33.78537],[-70.40709,-33.78384],[-70.40674,-33.78054],[-70.40846,-33.77562],[-70.40412,-33.76905],[-70.40249,-33.76408],[-70.40249,-33.76154],[-70.40477,-33.75833],[-70.40309,-33.75755],[-70.40324,-33.75394],[-70.40129,-33.75298],[-70.39953,-33.74961],[-70.39985,-33.74688],[-70.40348,-33.74188],[-70.40286,-33.7331],[-70.40442,-33.73064],[-70.40174,-33.72527],[-70.40327,-33.72248],[-70.4038,-33.71806],[-70.40041,-33.71301],[-70.40161,-33.70838],[-70.40503,-33.70678],[-70.40957,-33.70305],[-70.41333,-33.70122],[-70.42189,-33.69962],[-70.42442,-33.6983],[-70.43365,-33.69505],[-70.4382,-33.68821],[-70.44057,-33.68324],[-70.43977,-33.68048],[-70.43706,-33.67685],[-70.4314,-33.6735],[-70.43022,-33.66939],[-70.43307,-33.66496],[-70.42859,-33.6608],[-70.42071,-33.66021],[-70.41575,-33.65528],[-70.41277,-33.65367],[-70.40897,-33.64948],[-70.40777,-33.6463],[-70.41033,-33.64544],[-70.41211,-33.64249],[-70.41678,-33.63801],[-70.42058,-33.63719],[-70.42326,-33.63476],[-70.42776,-33.61994],[-70.4357,-33.62055],[-70.43891,-33.61543],[-70.4412,-33.60827],[-70.44039,-33.60425],[-70.44125,-33.59728],[-70.44331,-33.5902],[-70.44382,-33.57869],[-70.44921,-33.57962],[-70.45258,-33.58275],[-70.45738,-33.58286],[-70.46052,-33.58173],[-70.46206,-33.5839],[-70.45991,-33.58838],[-70.46041,-33.59074],[-70.47343,-33.59226],[-70.47702,-33.58949],[-70.47886,-33.58981],[-70.48008,-33.59382],[-70.48618,-33.59439],[-70.48911,-33.59561],[-70.49108,-33.59838],[-70.49532,-33.59987],[-70.50037,-33.60179],[-70.50067,-33.60422],[-70.499,-33.60754],[-70.50132,-33.60872],[-70.50788,-33.60847],[-70.50891,-33.61323],[-70.51269,-33.61444],[-70.51741,-33.61323],[-70.51878,-33.61609],[-70.52544,-33.61687],[-70.52977,-33.6153],[-70.53887,-33.61962],[-70.54363,-33.61791],[-70.54913,-33.61834],[-70.55638,-33.6207],[-70.56436,-33.6203],[-70.56613,-33.62096],[-70.56758,-33.62541],[-70.57024,-33.62513],[-70.57659,-33.62731],[-70.57865,-33.62916],[-70.58045,-33.63367],[-70.58183,-33.6347],[-70.58779,-33.63502],[-70.59045,-33.63759],[-70.59668,-33.63817],[-70.60307,-33.64121],[-70.60813,-33.64142],[-70.61672,-33.64313],[-70.62161,-33.64335],[-70.62745,-33.64206],[-70.63133,-33.64305],[-70.63122,-33.64573],[-70.63447,-33.65285],[-70.63647,-33.65433],[-70.64065,-33.66028],[-70.65123,-33.66294],[-70.65211,-33.66819],[-70.65568,-33.67316],[-70.6555,-33.67587],[-70.65149,-33.67903],[-70.64398,-33.69463],[-70.64534,-33.69753],[-70.64147,-33.70033],[-70.64048,-33.7021],[-70.63456,-33.70533],[-70.63241,-33.70435],[-70.62711,-33.70676],[-70.62527,-33.71054],[-70.62286,-33.71201],[-70.62149,-33.71508],[-70.62216,-33.71674],[-70.62005,-33.72027],[-70.61557,-33.72243],[-70.61394,-33.72877],[-70.6143,-33.73173],[-70.61231,-33.73478],[-70.61408,-33.73869]]]},"properties":{"name":"Pirque"}},
{"type":"Feature","geometry":{"type":"Polygon","coordinates":[[[-71.20711,-33.96073],[-71.20308,-33.95991],[-71.19338,-33.9613],[-71.19051,-33.96006],[-71.18664,-33.96002],[-71.18493,-33.95849],[-71.17982,-33.96326],[-71.17467,-33.96419],[-71.16643,-33.9612],[-71.16596,-33.95411],[-71.16021,-33.95077],[-71.1581,-33.94877],[-71.14836,-33.94721],[-71.14373,-33.94927],[-71.13935,-33.94842],[-71.13377,-33.94571],[-71.1312,-33.94582],[-71.12785,-33.94425],[-71.12493,-33.94414],[-71.11562,-33.94642],[-71.10858,-33.94276],[-71.10523,-33.93788],[-71.09854,-33.93268],[-71.09785,-33.9293],[-71.09442,-33.92613],[-71.09244,-33.91908],[-71.09116,-33.91726],[-71.08862,-33.90775],[-71.0888,-33.90394],[-71.08626,-33.89561],[-71.08511,-33.89422],[-71.07987,-33.89297],[-71.07429,-33.89379],[-71.06944,-33.89072],[-71.06708,-33.89105],[-71.06099,-33.89372],[-71.05644,-33.89343],[-71.05296,-33.89568],[-71.0482,-33.89628],[-71.04129,-33.8992],[-71.03198,-33.89924],[-71.02927,-33.89778],[-71.02425,-33.89215],[-71.0194,-33.89008],[-71.01635,-33.88998],[-71.00949,-33.89208],[-71.00151,-33.89357],[-70.99777,-33.89511],[-70.99108,-33.90098],[-70.97812,-33.9147],[-70.97181,-33.91769],[-70.96699,-33.91695],[-70.96953,-33.9122],[-70.97211,-33.90953],[-70.97417,-33.90537],[-70.97528,-33.89639],[-70.97481,-33.89219],[-70.97584,-33.88978],[-70.97595,-33.88234],[-70.97752,-33.87957],[-70.97687,-33.87498],[-70.97713,-33.87059],[-70.97932,-33.86685],[-70.97863,-33.86197],[-70.98189,-33.85566],[-70.97953,-33.85174],[-70.98125,-33.84807],[-70.98005,-33.84472],[-70.98069,-33.84173],[-70.98649,-33.83895],[-70.98885,-33.83631],[-70.9876,-33.8331],[-70.98786,-33.82904],[-70.98657,-33.82572],[-70.98734,-33.82201],[-70.9864,-33.81784],[-70.9849,-33.81556],[-70.98352,-33.80804],[-70.98301,-33.80112],[-70.98065,-33.79941],[-70.98215,-33.79409],[-70.98125,-33.78978],[-70.98198,-33.78792],[-70.98104,-33.78421],[-70.98112,-33.77965],[-70.98314,-33.77455],[-70.98773,-33.77676],[-70.99404,-33.77597],[-70.99786,-33.77819],[-71.0061,-33.77248],[-71.01537,-33.77219],[-71.0179,-33.77144],[-71.02185,-33.76852],[-71.02584,-33.76452],[-71.03399,-33.76238],[-71.04163,-33.75521],[-71.04807,-33.75457],[-71.05039,-33.75321],[-71.05751,-33.75325],[-71.06519,-33.75385],[-71.06884,-33.7555],[-71.0721,-33.75528],[-71.07798,-33.75653],[-71.08206,-33.75507],[-71.08991,-33.74889],[-71.09184,-33.74793],[-71.10446,-33.74486],[-71.11171,-33.74368],[-71.11545,-33.74087],[-71.11927,-33.73987],[-71.12025,-33.73801],[-71.1203,-33.73123],[-71.11931,-33.72955],[-71.11347,-33.72534],[-71.10965,-33.72352],[-71.10639,-33.71959],[-71.09712,-33.71577],[-71.09566,-33.71085],[-71.10038,-33.7086],[-71.10266,-33.70546],[-71.10223,-33.69817],[-71.10081,-33.69264],[-71.11184,-33.68553],[-71.10551,-33.68538],[-71.10191,-33.66058],[-71.09789,-33.63417],[-71.09025,-33.63324],[-71.08738,-33.63181],[-71.0836,-33.62774],[-71.07356,-33.62838],[-71.06833,-33.63152],[-71.06339,-33.63274],[-71.05974,-33.63799],[-71.05451,-33.63788],[-71.05129,-33.63656],[-71.04798,-33.63656],[-71.03953,-33.64003],[-71.03567,-33.64285],[-71.03378,-33.64153],[-71.03095,-33.62999],[-71.02756,-33.62706],[-71.0185,-33.6282],[-71.01078,-33.62523],[-71.00206,-33.61509],[-70.99606,-33.61366],[-70.99009,-33.61484],[-70.98752,-33.61669],[-70.9843,-33.61655],[-70.97752,-33.61809],[-70.97327,-33.62259],[-70.96785,-33.62406],[-70.96474,-33.62269],[-70.95618,-33.6137],[-70.95454,-33.60942],[-70.95448,-33.60495],[-70.9502,-33.59897],[-70.94659,-33.59843],[-70.93669,-33.59259],[-70.93536,-33.58811],[-70.9357,-33.5838],[-70.93729,-33.58222],[-70.93635,-33.57752],[-70.93898,-33.57491],[-70.94332,-33.57219],[-70.94796,-33.56727],[-70.94877,-33.56447],[-70.94845,-33.56061],[-70.94924,-33.55577],[-70.95446,-33.54991],[-70.96081,-33.54762],[-70.96862,-33.54691],[-70.97377,-33.54548],[-70.98562,-33.54683],[-70.98845,-33.54583],[-70.98922,-33.54333],[-70.99171,-33.54097],[-70.99849,-33.53882],[-71.01257,-33.53954],[-71.01351,-33.54147],[-71.01798,-33.5444],[-71.02089,-33.54497],[-71.02441,-33.54812],[-71.02888,-33.54919],[-71.03162,-33.55105],[-71.036,-33.55077],[-71.03918,-33.55342],[-71.04342,-33.55489],[-71.04685,-33.55346],[-71.05372,-33.55403],[-71.05895,-33.55597],[-71.06762,-33.55568],[-71.07114,-33.55382],[-71.07629,-33.54989],[-71.07887,-33.54939],[-71.08282,-33.55082],[-71.08582,-33.55032],[-71.09028,-33.5531],[-71.09595,-33.5506],[-71.09955,-33.55032],[-71.10762,-33.54753],[-71.11123,-33.54939],[-71.11311,-33.55275],[-71.11595,-33.55375],[-71.12238,-33.54953],[-71.12753,-33.54817],[-71.13474,-33.54903],[-71.13895,-33.54853],[-71.14255,-33.54989],[-71.14822,-33.54989],[-71.15225,-33.55382],[-71.16307,-33.55504],[-71.16633,-33.55482],[-71.17053,-33.55325],[-71.17998,-33.55425],[-71.18513,-33.5521],[-71.19053,-33.54731],[-71.19551,-33.54717],[-71.19757,-33.54588],[-71.20373,-33.54457],[-71.20953,-33.54215],[-71.21625,-33.54457],[-71.21661,-33.54714],[-71.2142,-33.54941],[-71.21623,-33.5518],[-71.21881,-33.54939],[-71.22119,-33.55029],[-71.22148,-33.55509],[-71.22618,-33.5575],[-71.2313,-33.56264],[-71.23528,-33.56114],[-71.23919,-33.56234],[-71.23422,-33.56602],[-71.23853,-33.56894],[-71.24285,-33.56611],[-71.2448,-33.56769],[-71.24296,-33.57265],[-71.24446,-33.57389],[-71.25133,-33.57453],[-71.25334,-33.57679],[-71.2526,-33.57995],[-71.25699,-33.58119],[-71.26458,-33.57856],[-71.26965,-33.58014],[-71.27297,-33.57992],[-71.27941,-33.58146],[-71.28581,-33.58575],[-71.28735,-33.58765],[-71.29447,-33.58818],[-71.29889,-33.58775],[-71.30374,-33.58414],[-71.30937,-33.58589],[-71.31448,-33.58821],[-71.31677,-33.58823],[-71.32439,-33.58601],[-71.32911,-33.58354],[-71.33194,-33.58548],[-71.33197,-33.59445],[-71.33579,-33.60182],[-71.33571,-33.60732],[-71.3397,-33.61081],[-71.34484,-33.61242],[-71.3492,-33.61735],[-71.35374,-33.61875],[-71.35744,-33.62262],[-71.36058,-33.62325],[-71.36924,-33.62301],[-71.37409,-33.62134],[-71.37916,-33.62159],[-71.38344,-33.62435],[-71.38401,-33.62786],[-71.38124,-33.63253],[-71.38137,-33.63533],[-71.38801,-33.63937],[-71.39017,-33.63912],[-71.39548,-33.64216],[-71.39657,-33.64509],[-71.39564,-33.64769],[-71.3962,-33.65641],[-71.39859,-33.65812],[-71.39929,-33.66276],[-71.40413,-33.66251],[-71.40707,-33.66002],[-71.41071,-33.65855],[-71.41577,-33.65818],[-71.41786,-33.65706],[-71.41971,-33.65914],[-71.42643,-33.65996],[-71.43092,-33.66377],[-71.43101,-33.66863],[-71.43367,-33.67129],[-71.43372,-33.67451],[-71.43499,-33.67739],[-71.43812,-33.67916],[-71.43613,-33.68437],[-71.4311,-33.68572],[-71.422,-33.68575],[-71.42038,-33.68835],[-71.42278,-33.69011],[-71.42444,-33.69973],[-71.42189,-33.7014],[-71.41999,-33.70636],[-71.42055,-33.70769],[-71.41505,-33.71023],[-71.40925,-33.71469],[-71.40685,-33.71464],[-71.403,-33.71854],[-71.39765,-33.71971],[-71.39553,-33.72287],[-71.39447,-33.7266],[-71.39039,-33.72846],[-71.38999,-33.73043],[-71.39201,-33.7347],[-71.3921,-33.73701],[-71.3896,-33.73901],[-71.38476,-33.73978],[-71.37816,-33.7428],[-71.3729,-33.74406],[-71.37116,-33.74258],[-71.36233,-33.74674],[-71.35841,-33.74686],[-71.35814,-33.75513],[-71.36011,-33.75719],[-71.35976,-33.77056],[-71.36629,-33.77844],[-71.37255,-33.78298],[-71.37836,-33.78614],[-71.38226,-33.78715],[-71.39397,-33.78677],[-71.39938,-33.7849],[-71.40278,-33.78639],[-71.40746,-33.78602],[-71.43503,-33.78802],[-71.43214,-33.78992],[-71.42208,-33.79489],[-71.42096,-33.80479],[-71.42324,-33.81007],[-71.42319,-33.81378],[-71.4207,-33.81613],[-71.42096,-33.82012],[-71.41959,-33.82269],[-71.41594,-33.8264],[-71.41272,-33.82829],[-71.41182,-33.83189],[-71.40933,-33.83363],[-71.40787,-33.83752],[-71.40401,-33.84426],[-71.39985,-33.84704],[-71.39847,-33.85099],[-71.39435,-33.85873],[-71.39242,-33.86461],[-71.38989,-33.86774],[-71.38938,-33.87056],[-71.38641,-33.87337],[-71.38461,-33.87833],[-71.38238,-33.87993],[-71.38015,-33.88371],[-71.3774,-33.88467],[-71.3726,-33.89005],[-71.36727,-33.89058],[-71.36341,-33.89247],[-71.35736,-33.89165],[-71.35449,-33.88891],[-71.35307,-33.88609],[-71.34912,-33.88328],[-71.34826,-33.88107],[-71.352,-33.8748],[-71.35178,-33.87255],[-71.34955,-33.87067],[-71.34573,-33.86981],[-71.34273,-33.86742],[-71.33075,-33.86482],[-71.32457,-33.86575],[-71.32063,-33.86828],[-71.31766,-33.86789],[-71.31522,-33.86475],[-71.31402,-33.86108],[-71.3105,-33.86129],[-71.30814,-33.86261],[-71.30535,-33.86229],[-71.30093,-33.86393],[-71.29925,-33.86607],[-71.29908,-33.87031],[-71.29745,-33.87291],[-71.2993,-33.87679],[-71.30024,-33.88185],[-71.29938,-33.88381],[-71.29449,-33.88762],[-71.29217,-33.89226],[-71.28891,-33.89635],[-71.29093,-33.90227],[-71.29076,-33.90789],[-71.28522,-33.91224],[-71.27595,-33.91099],[-71.27222,-33.91124],[-71.26694,-33.91633],[-71.26393,-33.91769],[-71.26273,-33.9205],[-71.25904,-33.9241],[-71.25733,-33.92823],[-71.25527,-33.92873],[-71.24887,-33.93336],[-71.24286,-33.93524],[-71.23986,-33.93834],[-71.23591,-33.9388],[-71.23449,-33.93777],[-71.22853,-33.93745],[-71.22583,-33.943],[-71.22591,-33.94792],[-71.22239,-33.95272],[-71.22012,-33.9529],[-71.21364,-33.95724],[-71.21046,-33.95767],[-71.20711,-33.96073]]]},"properties":{"name":"Melipilla"}},
{"type":"Feature","geometry":{"type":"Polygon","coordinates":[[[-71.30076,-34.03053],[-71.30015,-34.02958],[-71.29385,-34.0268],[-71.29123,-34.02335],[-71.28685,-34.02268],[-71.28157,-34.02076],[-71.27887,-34.01791],[-71.27561,-34.01699],[-71.26724,-34.01873],[-71.26398,-34.01638],[-71.25999,-34.01763],[-71.24763,-34.0135],[-71.24067,-34.01606],[-71.23467,-34.01421],[-71.23115,-34.0124],[-71.22668,-34.00749],[-71.22356,-34.00317],[-71.22055,-34.00208],[-71.21767,-33.99731],[-71.2154,-33.99586],[-71.20952,-33.99404],[-71.20703,-33.99034],[-71.20763,-33.98664],[-71.21072,-33.98105],[-71.21325,-33.97831],[-71.21445,-33.97276],[-71.21188,-33.96892],[-71.21128,-33.96639],[-71.20754,-33.96258],[-71.20711,-33.96073],[-71.21046,-33.95767],[-71.21364,-33.95724],[-71.22012,-33.9529],[-71.22239,-33.95272],[-71.22591,-33.94792],[-71.22583,-33.943],[-71.22853,-33.93745],[-71.23449,-33.93777],[-71.23591,-33.9388],[-71.23986,-33.93834],[-71.24286,-33.93524],[-71.24887,-33.93336],[-71.25527,-33.92873],[-71.25733,-33.92823],[-71.25904,-33.9241],[-71.26273,-33.9205],[-71.26393,-33.91769],[-71.26694,-33.91633],[-71.27222,-33.91124],[-71.27595,-33.91099],[-71.28522,-33.91224],[-71.29076,-33.90789],[-71.29093,-33.90227],[-71.28891,-33.89635],[-71.29217,-33.89226],[-71.29449,-33.88762],[-71.29938,-33.88381],[-71.30024,-33.88185],[-71.2993,-33.87679],[-71.29745,-33.87291],[-71.29908,-33.87031],[-71.29925,-33.86607],[-71.30093,-33.86393],[-71.30535,-33.86229],[-71.30814,-33.86261],[-71.3105,-33.86129],[-71.31402,-33.86108],[-71.31522,-33.86475],[-71.31766,-33.86789],[-71.32063,-33.86828],[-71.32457,-33.86575],[-71.33075,-33.86482],[-71.34273,-33.86742],[-71.34573,-33.86981],[-71.34955,-33.87067],[-71.35178,-33.87255],[-71.352,-33.8748],[-71.34826,-33.88107],[-71.34912,-33.88328],[-71.35307,-33.88609],[-71.35449,-33.88891],[-71.35736,-33.89165],[-71.36341,-33.89247],[-71.36727,-33.89058],[-71.3726,-33.89005],[-71.3774,-33.88467],[-71.38015,-33.88371],[-71.38238,-33.87993],[-71.38461,-33.87833],[-71.38641,-33.87337],[-71.38938,-33.87056],[-71.38989,-33.86774],[-71.39242,-33.86461],[-71.39435,-33.85873],[-71.39847,-33.85099],[-71.39985,-33.84704],[-71.40401,-33.84426],[-71.40787,-33.83752],[-71.40933,-33.83363],[-71.41182,-33.83189],[-71.41272,-33.82829],[-71.41594,-33.8264],[-71.41959,-33.82269],[-71.42096,-33.82012],[-71.4207,-33.81613],[-71.42319,-33.81378],[-71.42324,-33.81007],[-71.42096,-33.80479],[-71.42208,-33.79489],[-71.43214,-33.78992],[-71.43503,-33.78802],[-71.44188,-33.78629],[-71.45264,-33.78456],[-71.45904,-33.78599],[-71.46248,-33.78133],[-71.46664,-33.78062],[-71.47251,-33.78488],[-71.47618,-33.78365],[-71.479,-33.77805],[-71.48697,-33.77356],[-71.48936,-33.77118],[-71.49642,-33.76965],[-71.50403,-33.77074],[-71.50584,-33.77318],[-71.51508,-33.77448],[-71.51938,-33.77831],[-71.52433,-33.77677],[-71.52786,-33.77279],[-71.52835,-33.77081],[-71.53562,-33.7641],[-71.54386,-33.76452],[-71.55036,-33.76864],[-71.55268,-33.7713],[-71.55554,-33.7809],[-71.5565,-33.78897],[-71.55727,-33.81611],[-71.55644,-33.87383],[-71.56154,-33.8716],[-71.56705,-33.87355],[-71.57032,-33.87263],[-71.57356,-33.87402],[-71.57668,-33.87066],[-71.58158,-33.86717],[-71.59402,-33.87461],[-71.66692,-33.91925],[-71.67494,-33.92168],[-71.68593,-33.92737],[-71.69081,-33.92798],[-71.69338,-33.92998],[-71.69407,-33.93273],[-71.69911,-33.9339],[-71.70191,-33.937],[-71.70371,-33.94051],[-71.71008,-33.94123],[-71.71051,-33.94278],[-71.71434,-33.94629],[-71.71382,-33.94897],[-71.71028,-33.95496],[-71.70848,-33.9607],[-71.71244,-33.96621],[-71.70908,-33.96811],[-71.70111,-33.96798],[-71.69957,-33.97128],[-71.69608,-33.97503],[-71.6933,-33.97504],[-71.68844,-33.9717],[-71.68661,-33.97169],[-71.68315,-33.97406],[-71.67833,-33.97401],[-71.67447,-33.97296],[-71.67044,-33.9736],[-71.66595,-33.97714],[-71.66706,-33.98693],[-71.66818,-33.98907],[-71.66662,-33.99251],[-71.66749,-33.99714],[-71.66447,-33.99784],[-71.65778,-33.99599],[-71.65395,-33.99638],[-71.64692,-33.99823],[-71.64063,-34.0011],[-71.63108,-34.00229],[-71.61563,-34.00325],[-71.61014,-34.00959],[-71.60665,-34.01013],[-71.60373,-34.01192],[-71.6026,-34.0195],[-71.59858,-34.02197],[-71.59628,-34.02602],[-71.58873,-34.02777],[-71.58758,-34.02871],[-71.58734,-34.03324],[-71.58515,-34.03272],[-71.58056,-34.02898],[-71.58019,-34.0272],[-71.57598,-34.02359],[-71.57511,-34.01926],[-71.57733,-34.01639],[-71.58034,-34.01499],[-71.5807,-34.01154],[-71.57588,-34.00809],[-71.57228,-34.00701],[-71.57163,-34.00486],[-71.57537,-34.00028],[-71.57011,-33.99566],[-71.569,-33.99176],[-71.57048,-33.98922],[-71.56675,-33.98729],[-71.56361,-33.98676],[-71.5551,-33.99314],[-71.55112,-33.99822],[-71.55091,-34.00117],[-71.54568,-34.00423],[-71.54276,-34.00924],[-71.53563,-34.00748],[-71.52712,-34.00687],[-71.52645,-34.00546],[-71.51998,-34.00546],[-71.50774,-34.00452],[-71.49731,-34.00278],[-71.49275,-34.00335],[-71.48519,-34.00578],[-71.48361,-34.00698],[-71.47713,-34.00733],[-71.47306,-34.01055],[-71.46977,-34.01106],[-71.46233,-34.01428],[-71.45892,-34.01789],[-71.45409,-34.01537],[-71.45059,-34.01562],[-71.44838,-34.01436],[-71.44385,-34.01924],[-71.44313,-34.02169],[-71.43856,-34.02283],[-71.43596,-34.02551],[-71.43188,-34.03281],[-71.42847,-34.03311],[-71.42564,-34.03201],[-71.41341,-34.03586],[-71.41229,-34.03795],[-71.41559,-34.04793],[-71.41714,-34.0504],[-71.41511,-34.05494],[-71.41522,-34.05677],[-71.4117,-34.06186],[-71.40922,-34.0639],[-71.40455,-34.06579],[-71.40351,-34.0674],[-71.39869,-34.06799],[-71.39515,-34.07169],[-71.39463,-34.0738],[-71.38975,-34.07566],[-71.3872,-34.06818],[-71.3824,-34.06645],[-71.37102,-34.06091],[-71.36576,-34.06054],[-71.35969,-34.06275],[-71.35456,-34.06328],[-71.35182,-34.06503],[-71.34733,-34.06259],[-71.34654,-34.05957],[-71.34782,-34.05607],[-71.34487,-34.0544],[-71.34023,-34.05032],[-71.33403,-34.0525],[-71.33206,-34.05034],[-71.32863,-34.04906],[-71.32367,-34.049],[-71.32022,-34.04554],[-71.31631,-34.04298],[-71.31357,-34.04416],[-71.31125,-34.04348],[-71.30562,-34.03853],[-71.30076,-34.03053]]]},"properties":{"name":"San Pedro"}},
{"type":"Feature","geometry":{"type":"Polygon","coordinates":[[[-71.32911,-33.58354],[-71.32439,-33.58601],[-71.31677,-33.58823],[-71.31448,-33.58821],[-71.30937,-33.58589],[-71.30374,-33.58414],[-71.29889,-33.58775],[-71.29447,-33.58818],[-71.28735,-33.58765],[-71.28581,-33.58575],[-71.27941,-33.58146],[-71.27297,-33.57992],[-71.26965,-33.58014],[-71.26458,-33.57856],[-71.25699,-33.58119],[-71.2526,-33.57995],[-71.25334,-33.57679],[-71.25133,-33.57453],[-71.24446,-33.57389],[-71.24296,-33.57265],[-71.2448,-33.56769],[-71.24285,-33.56611],[-71.23853,-33.56894],[-71.23422,-33.56602],[-71.23919,-33.56234],[-71.23528,-33.56114],[-71.2313,-33.56264],[-71.22618,-33.5575],[-71.22148,-33.55509],[-71.22119,-33.55029],[-71.21881,-33.54939],[-71.21623,-33.5518],[-71.2142,-33.54941],[-71.21661,-33.54714],[-71.21625,-33.54457],[-71.20953,-33.54215],[-71.20373,-33.54457],[-71.19757,-33.54588],[-71.19551,-33.54717],[-71.19053,-33.54731],[-71.18513,-33.5521],[-71.17998,-33.55425],[-71.17053,-33.55325],[-71.16633,-33.55482],[-71.16307,-33.55504],[-71.15225,-33.55382],[-71.14822,-33.54989],[-71.14255,-33.54989],[-71.13895,-33.54853],[-71.13474,-33.54903],[-71.12753,-33.54817],[-71.12238,-33.54953],[-71.11595,-33.55375],[-71.11311,-33.55275],[-71.11123,-33.54939],[-71.10762,-33.54753],[-71.09955,-33.55032],[-71.09595,-33.5506],[-71.09028,-33.5531],[-71.08582,-33.55032],[-71.08282,-33.55082],[-71.07887,-33.54939],[-71.07629,-33.54989],[-71.07114,-33.55382],[-71.06762,-33.55568],[-71.05895,-33.55597],[-71.05372,-33.55403],[-71.04685,-33.55346],[-71.04342,-33.55489],[-71.03918,-33.55342],[-71.036,-33.55077],[-71.03162,-33.55105],[-71.02888,-33.54919],[-71.02441,-33.54812],[-71.02089,-33.54497],[-71.01798,-33.5444],[-71.01351,-33.54147],[-71.01257,-33.53954],[-71.01492,-33.53658],[-71.0187,-33.53486],[-71.02196,-33.532],[-71.02265,-33.529],[-71.0254,-33.52628],[-71.02934,-33.52399],[-71.03484,-33.52256],[-71.03947,-33.5144],[-71.04342,-33.50495],[-71.04805,-33.50094],[-71.052,-33.49937],[-71.05372,-33.49751],[-71.05732,-33.49694],[-71.0632,-33.49456],[-71.06288,-33.48594],[-71.06132,-33.47929],[-71.06229,-33.47762],[-71.06919,-33.47218],[-71.07095,-33.47213],[-71.07351,-33.46861],[-71.07167,-33.4637],[-71.0664,-33.45938],[-71.0656,-33.45055],[-71.06305,-33.44691],[-71.06217,-33.44291],[-71.05893,-33.43729],[-71.0579,-33.4338],[-71.05905,-33.43014],[-71.06358,-33.43333],[-71.06762,-33.43321],[-71.07123,-33.43579],[-71.08187,-33.44095],[-71.08891,-33.44381],[-71.10024,-33.44582],[-71.1023,-33.44567],[-71.1059,-33.44252],[-71.10985,-33.44123],[-71.11294,-33.44453],[-71.11775,-33.44639],[-71.12547,-33.44725],[-71.12856,-33.44625],[-71.13474,-33.44782],[-71.1447,-33.44768],[-71.14916,-33.4494],[-71.15397,-33.44711],[-71.15792,-33.44797],[-71.16187,-33.44782],[-71.16444,-33.44539],[-71.16684,-33.44567],[-71.17646,-33.45026],[-71.17938,-33.4504],[-71.18332,-33.45212],[-71.1859,-33.45155],[-71.18813,-33.44925],[-71.1895,-33.44381],[-71.19139,-33.44138],[-71.19568,-33.4398],[-71.20238,-33.43966],[-71.2077,-33.43565],[-71.21251,-33.43378],[-71.22469,-33.43436],[-71.23019,-33.43321],[-71.23225,-33.42748],[-71.23826,-33.42619],[-71.2407,-33.42497],[-71.24273,-33.42042],[-71.24678,-33.41671],[-71.25033,-33.41524],[-71.24971,-33.41358],[-71.2522,-33.41171],[-71.25842,-33.41023],[-71.26267,-33.41097],[-71.26891,-33.40814],[-71.27157,-33.40589],[-71.27581,-33.40405],[-71.27713,-33.40457],[-71.2821,-33.41007],[-71.29244,-33.41189],[-71.29992,-33.41149],[-71.30552,-33.40909],[-71.31476,-33.41053],[-71.32151,-33.4104],[-71.32496,-33.40914],[-71.326,-33.407],[-71.3322,-33.40828],[-71.33433,-33.41325],[-71.33864,-33.41351],[-71.34275,-33.4153],[-71.34394,-33.4213],[-71.34351,-33.42419],[-71.34164,-33.42719],[-71.34327,-33.4292],[-71.34284,-33.4335],[-71.34018,-33.43955],[-71.33741,-33.44103],[-71.33881,-33.44968],[-71.33679,-33.45758],[-71.34003,-33.46115],[-71.34132,-33.46541],[-71.34207,-33.47109],[-71.33933,-33.47474],[-71.34087,-33.47768],[-71.34445,-33.48191],[-71.34705,-33.48369],[-71.35297,-33.49207],[-71.35229,-33.49593],[-71.3492,-33.49944],[-71.35133,-33.50527],[-71.34937,-33.50645],[-71.34834,-33.5116],[-71.35005,-33.5184],[-71.35018,-33.52641],[-71.351,-33.52857],[-71.34654,-33.53117],[-71.34139,-33.53035],[-71.33946,-33.53194],[-71.33194,-33.53565],[-71.33452,-33.54135],[-71.33162,-33.54386],[-71.33058,-33.55051],[-71.32946,-33.55303],[-71.32911,-33.55754],[-71.32791,-33.56111],[-71.33091,-33.56855],[-71.32894,-33.57055],[-71.32959,-33.57993],[-71.32911,-33.58354]]]},"properties":{"name":"María Pinto"}},
{"type":"Feature","geometry":{"type":"Polygon","coordinates":[[[-70.68541,-33.53912],[-70.70628,-33.53149],[-70.72633,-33.52398],[-70.73357,-33.53281],[-70.76286,-33.56578],[-70.76735,-33.57185],[-70.76297,-33.57457],[-70.75769,-33.57437],[-70.75205,-33.57931],[-70.75293,-33.58158],[-70.75018,-33.5856],[-70.74569,-33.58991],[-70.74284,-33.59415],[-70.74642,-33.59768],[-70.75154,-33.60005],[-70.75378,-33.6022],[-70.75034,-33.60984],[-70.74791,-33.61316],[-70.74702,-33.61787],[-70.75548,-33.62172],[-70.75294,-33.62416],[-70.75143,-33.62719],[-70.74324,-33.63432],[-70.74272,-33.63683],[-70.73715,-33.64547],[-70.73541,-33.64616],[-70.73771,-33.65586],[-70.74182,-33.66329],[-70.74895,-33.66411],[-70.75354,-33.66267],[-70.75779,-33.66247],[-70.76682,-33.65877],[-70.7832,-33.65295],[-70.78606,-33.65585],[-70.79127,-33.65926],[-70.7961,-33.66457],[-70.79842,-33.66821],[-70.80265,-33.66864],[-70.80417,-33.67228],[-70.8016,-33.67285],[-70.79902,-33.68007],[-70.79593,-33.68271],[-70.79627,-33.68671],[-70.79413,-33.6895],[-70.79181,-33.69578],[-70.79258,-33.69914],[-70.79833,-33.70649],[-70.8034,-33.71056],[-70.80572,-33.71499],[-70.807,-33.72034],[-70.81138,-33.72256],[-70.81848,-33.71985],[-70.82434,-33.72084],[-70.82177,-33.7257],[-70.82123,-33.73409],[-70.82039,-33.73612],[-70.82125,-33.73969],[-70.82451,-33.74097],[-70.82605,-33.74884],[-70.82492,-33.75135],[-70.821,-33.75408],[-70.81437,-33.75098],[-70.81245,-33.74709],[-70.81245,-33.74083],[-70.81156,-33.73796],[-70.80769,-33.73428],[-70.80193,-33.73335],[-70.79888,-33.73103],[-70.79539,-33.73059],[-70.791,-33.72745],[-70.78676,-33.72277],[-70.783,-33.72006],[-70.78026,-33.71703],[-70.77654,-33.71591],[-70.76827,-33.70845],[-70.76381,-33.70703],[-70.75738,-33.70255],[-70.75097,-33.70115],[-70.74528,-33.69799],[-70.74147,-33.69749],[-70.72971,-33.69403],[-70.72092,-33.68889],[-70.71864,-33.68635],[-70.71495,-33.6785],[-70.71233,-33.67003],[-70.70898,-33.66621],[-70.70319,-33.66318],[-70.69826,-33.66203],[-70.67997,-33.66132],[-70.67573,-33.66035],[-70.66527,-33.65648],[-70.65842,-33.65312],[-70.65084,-33.64881],[-70.63938,-33.64614],[-70.63133,-33.64305],[-70.62978,-33.63269],[-70.62862,-33.62747],[-70.64475,-33.62719],[-70.64348,-33.62154],[-70.64616,-33.62134],[-70.64346,-33.60986],[-70.67057,-33.60751],[-70.66324,-33.5852],[-70.67667,-33.58248],[-70.70084,-33.57297],[-70.69676,-33.56404],[-70.69552,-33.55599],[-70.69301,-33.55592],[-70.68541,-33.53912]]]},"properties":{"name":"San Bernardo"}},
{"type":"Feature","geometry":{"type":"Polygon","coordinates":[[[-70.89293,-33.80201],[-70.89422,-33.80444],[-70.89323,-33.80693],[-70.89053,-33.80668],[-70.88765,-33.81003],[-70.88199,-33.81125],[-70.87624,-33.81032],[-70.87345,-33.81132],[-70.86982,-33.80991],[-70.86574,-33.81415],[-70.85785,-33.8147],[-70.8542,-33.81813],[-70.8474,-33.82116],[-70.84677,-33.82371],[-70.8413,-33.82734],[-70.83411,-33.82854],[-70.83208,-33.83216],[-70.82618,-33.83139],[-70.82384,-33.83014],[-70.82034,-33.83032],[-70.8165,-33.82773],[-70.80991,-33.83023],[-70.80319,-33.82724],[-70.79875,-33.82964],[-70.79253,-33.83019],[-70.78571,-33.83371],[-70.78227,-33.83228],[-70.76176,-33.81185],[-70.75732,-33.81634],[-70.75279,-33.78452],[-70.75094,-33.7732],[-70.73747,-33.77434],[-70.73907,-33.78311],[-70.73956,-33.78902],[-70.7022,-33.78956],[-70.7024,-33.79292],[-70.69057,-33.79128],[-70.68791,-33.75917],[-70.6698,-33.75667],[-70.66789,-33.754],[-70.66529,-33.75283],[-70.66256,-33.74929],[-70.65493,-33.74423],[-70.65143,-33.74435],[-70.64491,-33.74811],[-70.64065,-33.74929],[-70.63748,-33.74829],[-70.634,-33.74898],[-70.62646,-33.74249],[-70.62356,-33.7368],[-70.61593,-33.73894],[-70.61408,-33.73869],[-70.61231,-33.73478],[-70.6143,-33.73173],[-70.61394,-33.72877],[-70.61557,-33.72243],[-70.62005,-33.72027],[-70.62216,-33.71674],[-70.62149,-33.71508],[-70.62286,-33.71201],[-70.62527,-33.71054],[-70.62711,-33.70676],[-70.63241,-33.70435],[-70.63456,-33.70533],[-70.64048,-33.7021],[-70.64147,-33.70033],[-70.64534,-33.69753],[-70.64398,-33.69463],[-70.65149,-33.67903],[-70.6555,-33.67587],[-70.65568,-33.67316],[-70.65211,-33.66819],[-70.65123,-33.66294],[-70.64065,-33.66028],[-70.63647,-33.65433],[-70.63447,-33.65285],[-70.63122,-33.64573],[-70.63133,-33.64305],[-70.63938,-33.64614],[-70.65084,-33.64881],[-70.65842,-33.65312],[-70.66527,-33.65648],[-70.67573,-33.66035],[-70.67997,-33.66132],[-70.69826,-33.66203],[-70.70319,-33.66318],[-70.70898,-33.66621],[-70.71233,-33.67003],[-70.71495,-33.6785],[-70.71864,-33.68635],[-70.72092,-33.68889],[-70.72971,-33.69403],[-70.74147,-33.69749],[-70.74528,-33.69799],[-70.75097,-33.70115],[-70.75738,-33.70255],[-70.76381,-33.70703],[-70.76827,-33.70845],[-70.77654,-33.71591],[-70.78026,-33.71703],[-70.783,-33.72006],[-70.78676,-33.72277],[-70.791,-33.72745],[-70.79539,-33.73059],[-70.79888,-33.73103],[-70.80193,-33.73335],[-70.80769,-33.73428],[-70.81156,-33.73796],[-70.81245,-33.74083],[-70.81245,-33.74709],[-70.81437,-33.75098],[-70.821,-33.75408],[-70.82401,-33.75903],[-70.82856,-33.76434],[-70.83238,-33.77044],[-70.8359,-33.77355],[-70.84057,-33.77473],[-70.84993,-33.78296],[-70.85405,-33.78446],[-70.85843,-33.78753],[-70.86246,-33.79481],[-70.86632,-33.79609],[-70.87315,-33.80158],[-70.87752,-33.80386],[-70.88945,-33.8014],[-70.89293,-33.80201]]]},"properties":{"name":"Buin"}},
{"type":"Feature","geometry":{"type":"Polygon","coordinates":[[[-70.96699,-33.91695],[-70.97181,-33.91769],[-70.97812,-33.9147],[-70.99108,-33.90098],[-70.99777,-33.89511],[-71.00151,-33.89357],[-71.00949,-33.89208],[-71.01635,-33.88998],[-71.0194,-33.89008],[-71.02425,-33.89215],[-71.02927,-33.89778],[-71.03198,-33.89924],[-71.04129,-33.8992],[-71.0482,-33.89628],[-71.05296,-33.89568],[-71.05644,-33.89343],[-71.06099,-33.89372],[-71.06708,-33.89105],[-71.06944,-33.89072],[-71.07429,-33.89379],[-71.07987,-33.89297],[-71.08511,-33.89422],[-71.08626,-33.89561],[-71.0888,-33.90394],[-71.08862,-33.90775],[-71.09116,-33.91726],[-71.09244,-33.91908],[-71.09442,-33.92613],[-71.09785,-33.9293],[-71.09854,-33.93268],[-71.10523,-33.93788],[-71.10858,-33.94276],[-71.11562,-33.94642],[-71.12493,-33.94414],[-71.12785,-33.94425],[-71.1312,-33.94582],[-71.13377,-33.94571],[-71.13935,-33.94842],[-71.14373,-33.94927],[-71.14836,-33.94721],[-71.1581,-33.94877],[-71.16021,-33.95077],[-71.16596,-33.95411],[-71.16643,-33.9612],[-71.17467,-33.96419],[-71.17982,-33.96326],[-71.18493,-33.95849],[-71.18664,-33.96002],[-71.19051,-33.96006],[-71.19338,-33.9613],[-71.20308,-33.95991],[-71.20711,-33.96073],[-71.20754,-33.96258],[-71.21128,-33.96639],[-71.21188,-33.96892],[-71.21445,-33.97276],[-71.21325,-33.97831],[-71.21072,-33.98105],[-71.20763,-33.98664],[-71.20703,-33.99034],[-71.20952,-33.99404],[-71.2154,-33.99586],[-71.21767,-33.99731],[-71.22055,-34.00208],[-71.22356,-34.00317],[-71.22668,-34.00749],[-71.23115,-34.0124],[-71.23467,-34.01421],[-71.24067,-34.01606],[-71.24763,-34.0135],[-71.25999,-34.01763],[-71.26398,-34.01638],[-71.26724,-34.01873],[-71.27561,-34.01699],[-71.27887,-34.01791],[-71.28157,-34.02076],[-71.28685,-34.02268],[-71.29123,-34.02335],[-71.29385,-34.0268],[-71.30015,-34.02958],[-71.30076,-34.03053],[-71.30038,-34.03413],[-71.29794,-34.03579],[-71.29847,-34.03755],[-71.29131,-34.04493],[-71.28548,-34.04676],[-71.28282,-34.04664],[-71.27682,-34.05013],[-71.27433,-34.05056],[-71.27036,-34.05325],[-71.26706,-34.05923],[-71.265,-34.06142],[-71.26678,-34.06658],[-71.2673,-34.07881],[-71.26643,-34.08257],[-71.26432,-34.08533],[-71.25937,-34.08636],[-71.25759,-34.08884],[-71.25112,-34.09102],[-71.24745,-34.09423],[-71.24397,-34.09506],[-71.2388,-34.10028],[-71.23473,-34.10541],[-71.23216,-34.10648],[-71.23072,-34.11338],[-71.23171,-34.11615],[-71.22543,-34.1243],[-71.22175,-34.12623],[-71.21943,-34.13029],[-71.21663,-34.13175],[-71.21496,-34.13589],[-71.20504,-34.13574],[-71.20444,-34.14007],[-71.20127,-34.14614],[-71.19603,-34.14995],[-71.19105,-34.15109],[-71.18453,-34.15784],[-71.17458,-34.1593],[-71.16873,-34.16153],[-71.15885,-34.16438],[-71.15472,-34.16414],[-71.14919,-34.16618],[-71.14376,-34.16505],[-71.13838,-34.16529],[-71.13603,-34.16656],[-71.12649,-34.16676],[-71.12238,-34.1649],[-71.11662,-34.1638],[-71.11382,-34.16652],[-71.10561,-34.16659],[-71.09988,-34.17091],[-71.09596,-34.1717],[-71.0918,-34.17441],[-71.08958,-34.18033],[-71.08593,-34.18083],[-71.08299,-34.18243],[-71.07943,-34.1814],[-71.07157,-34.18407],[-71.06638,-34.17945],[-71.06178,-34.18019],[-71.05541,-34.17951],[-71.05388,-34.1784],[-71.05239,-34.17391],[-71.04866,-34.1719],[-71.04424,-34.17284],[-71.03547,-34.16631],[-71.03223,-34.16532],[-71.02638,-34.1676],[-71.02568,-34.17005],[-71.01934,-34.17014],[-71.01511,-34.16872],[-71.00627,-34.16801],[-70.99332,-34.17131],[-70.98352,-34.17329],[-70.97019,-34.17248],[-70.96407,-34.16803],[-70.95753,-34.16422],[-70.95337,-34.16382],[-70.94945,-34.16246],[-70.93962,-34.15724],[-70.93379,-34.15179],[-70.92733,-34.14873],[-70.91544,-34.14486],[-70.91636,-34.14186],[-70.92917,-34.13689],[-70.9307,-34.13078],[-70.93312,-34.12509],[-70.9346,-34.12346],[-70.93534,-34.11701],[-70.93884,-34.11287],[-70.93969,-34.10798],[-70.94166,-34.10572],[-70.93824,-34.10028],[-70.9389,-34.09561],[-70.93739,-34.0927],[-70.93795,-34.08968],[-70.93509,-34.08661],[-70.92231,-34.07874],[-70.91846,-34.07815],[-70.91334,-34.07982],[-70.90767,-34.07646],[-70.90531,-34.07619],[-70.89986,-34.07847],[-70.89304,-34.07598],[-70.89173,-34.07049],[-70.89149,-34.06135],[-70.88868,-34.05813],[-70.88894,-34.05483],[-70.89164,-34.05044],[-70.8904,-34.04436],[-70.88866,-34.04109],[-70.88877,-34.0386],[-70.88288,-34.0397],[-70.87747,-34.0375],[-70.87258,-34.03748],[-70.86702,-34.03558],[-70.86468,-34.03275],[-70.86183,-34.03139],[-70.85574,-34.02994],[-70.84933,-34.02962],[-70.8458,-34.02841],[-70.84037,-34.03238],[-70.83494,-34.03294],[-70.83006,-34.03215],[-70.82503,-34.0352],[-70.82154,-34.03574],[-70.81728,-34.03506],[-70.81486,-34.03157],[-70.81327,-34.02738],[-70.80795,-34.02524],[-70.80879,-34.02062],[-70.80597,-34.01627],[-70.80598,-34.01235],[-70.807,-34.00802],[-70.79954,-34.00245],[-70.79386,-33.99968],[-70.79446,-33.99694],[-70.79222,-33.99399],[-70.79271,-33.99223],[-70.79593,-33.99046],[-70.79814,-33.98651],[-70.79574,-33.98069],[-70.79789,-33.97669],[-70.7976,-33.97523],[-70.80636,-33.97122],[-70.81048,-33.97069],[-70.81584,-33.96617],[-70.81905,-33.96513],[-70.82448,-33.96192],[-70.82412,-33.9575],[-70.82492,-33.95353],[-70.83032,-33.95198],[-70.83354,-33.95187],[-70.8377,-33.95425],[-70.84589,-33.95632],[-70.85109,-33.95952],[-70.85671,-33.96611],[-70.85469,-33.96899],[-70.85559,-33.97059],[-70.86564,-33.97461],[-70.87242,-33.97963],[-70.87632,-33.98095],[-70.88237,-33.9844],[-70.89124,-33.98651],[-70.89478,-33.98839],[-70.90203,-33.98383],[-70.90576,-33.97878],[-70.90962,-33.97757],[-70.91546,-33.97999],[-70.91879,-33.97808],[-70.92868,-33.97504],[-70.93357,-33.97803],[-70.93842,-33.97703],[-70.9402,-33.97573],[-70.94537,-33.97501],[-70.94896,-33.97149],[-70.95683,-33.97244],[-70.96344,-33.97041],[-70.96633,-33.96742],[-70.96164,-33.96052],[-70.96301,-33.95618],[-70.96121,-33.95479],[-70.96082,-33.95191],[-70.9546,-33.94365],[-70.95499,-33.94176],[-70.96087,-33.93727],[-70.96164,-33.93432],[-70.95988,-33.9257],[-70.96035,-33.9226],[-70.96699,-33.91695]]]},"properties":{"name":"Alhué"}},
{"type":"Feature","geometry":{"type":"Polygon","coordinates":[[[-70.61408,-33.73869],[-70.61593,-33.73894],[-70.62356,-33.7368],[-70.62646,-33.74249],[-70.634,-33.74898],[-70.63748,-33.74829],[-70.64065,-33.74929],[-70.64491,-33.74811],[-70.65143,-33.74435],[-70.65493,-33.74423],[-70.66256,-33.74929],[-70.66529,-33.75283],[-70.66789,-33.754],[-70.6698,-33.75667],[-70.68791,-33.75917],[-70.69057,-33.79128],[-70.7024,-33.79292],[-70.7022,-33.78956],[-70.73956,-33.78902],[-70.73907,-33.78311],[-70.73747,-33.77434],[-70.75094,-33.7732],[-70.75279,-33.78452],[-70.75732,-33.81634],[-70.76176,-33.81185],[-70.78227,-33.83228],[-70.78571,-33.83371],[-70.79253,-33.83019],[-70.79875,-33.82964],[-70.80319,-33.82724],[-70.80991,-33.83023],[-70.8165,-33.82773],[-70.82034,-33.83032],[-70.82384,-33.83014],[-70.82618,-33.83139],[-70.83208,-33.83216],[-70.83411,-33.82854],[-70.8413,-33.82734],[-70.84677,-33.82371],[-70.8474,-33.82116],[-70.8542,-33.81813],[-70.85785,-33.8147],[-70.86574,-33.81415],[-70.86982,-33.80991],[-70.87345,-33.81132],[-70.87624,-33.81032],[-70.88199,-33.81125],[-70.88765,-33.81003],[-70.89053,-33.80668],[-70.89323,-33.80693],[-70.89422,-33.80444],[-70.89293,-33.80201],[-70.89606,-33.80363],[-70.90074,-33.8032],[-70.90424,-33.797],[-70.90405,-33.78959],[-70.90531,-33.78264],[-70.90945,-33.77147],[-70.91259,-33.76957],[-70.91239,-33.77465],[-70.91516,-33.78023],[-70.9152,-33.78348],[-70.91793,-33.78822],[-70.9166,-33.79166],[-70.91784,-33.79625],[-70.9199,-33.79894],[-70.92428,-33.80106],[-70.92889,-33.79978],[-70.93512,-33.79972],[-70.93797,-33.7984],[-70.94904,-33.7979],[-70.96104,-33.79393],[-70.96404,-33.79407],[-70.98065,-33.79941],[-70.98301,-33.80112],[-70.98352,-33.80804],[-70.9849,-33.81556],[-70.9864,-33.81784],[-70.98734,-33.82201],[-70.98657,-33.82572],[-70.98786,-33.82904],[-70.9876,-33.8331],[-70.98885,-33.83631],[-70.98649,-33.83895],[-70.98069,-33.84173],[-70.98005,-33.84472],[-70.98125,-33.84807],[-70.97953,-33.85174],[-70.98189,-33.85566],[-70.97863,-33.86197],[-70.97932,-33.86685],[-70.97713,-33.87059],[-70.97687,-33.87498],[-70.97752,-33.87957],[-70.97595,-33.88234],[-70.97584,-33.88978],[-70.97481,-33.89219],[-70.97528,-33.89639],[-70.97417,-33.90537],[-70.97211,-33.90953],[-70.96953,-33.9122],[-70.96699,-33.91695],[-70.96035,-33.9226],[-70.95988,-33.9257],[-70.96164,-33.93432],[-70.96087,-33.93727],[-70.95499,-33.94176],[-70.9546,-33.94365],[-70.96082,-33.95191],[-70.96121,-33.95479],[-70.96301,-33.95618],[-70.96164,-33.96052],[-70.96633,-33.96742],[-70.96344,-33.97041],[-70.95683,-33.97244],[-70.94896,-33.97149],[-70.94537,-33.97501],[-70.9402,-33.97573],[-70.93842,-33.97703],[-70.93357,-33.97803],[-70.92868,-33.97504],[-70.91879,-33.97808],[-70.91546,-33.97999],[-70.90962,-33.97757],[-70.90576,-33.97878],[-70.90203,-33.98383],[-70.89478,-33.98839],[-70.89124,-33.98651],[-70.88237,-33.9844],[-70.87632,-33.98095],[-70.87242,-33.97963],[-70.86564,-33.97461],[-70.85559,-33.97059],[-70.85469,-33.96899],[-70.85671,-33.96611],[-70.85109,-33.95952],[-70.84589,-33.95632],[-70.8377,-33.95425],[-70.83354,-33.95187],[-70.83032,-33.95198],[-70.82492,-33.95353],[-70.82421,-33.95155],[-70.81846,-33.94867],[-70.8127,-33.94934],[-70.80593,-33.9451],[-70.80567,-33.94183],[-70.80288,-33.93626],[-70.79842,-33.93465],[-70.79529,-33.93182],[-70.78701,-33.93673],[-70.77859,-33.9392],[-70.77639,-33.94164],[-70.77265,-33.94237],[-70.76976,-33.94427],[-70.76772,-33.94289],[-70.76185,-33.94237],[-70.75829,-33.94295],[-70.75748,-33.94125],[-70.7526,-33.93715],[-70.74832,-33.93238],[-70.74426,-33.92462],[-70.74015,-33.92247],[-70.73243,-33.92279],[-70.72989,-33.92184],[-70.72721,-33.91806],[-70.72439,-33.91965],[-70.71671,-33.91513],[-70.71214,-33.91009],[-70.71215,-33.90749],[-70.70994,-33.90575],[-70.70121,-33.90578],[-70.69551,-33.90979],[-70.69083,-33.91233],[-70.68624,-33.91791],[-70.68542,-33.92239],[-70.67547,-33.92907],[-70.67234,-33.93336],[-70.66855,-33.93429],[-70.66391,-33.93791],[-70.65779,-33.93746],[-70.65216,-33.93501],[-70.64792,-33.93491],[-70.64385,-33.93345],[-70.64399,-33.93092],[-70.64069,-33.9284],[-70.63927,-33.92431],[-70.64049,-33.92262],[-70.63589,-33.91635],[-70.62752,-33.91448],[-70.62196,-33.91042],[-70.62177,-33.90752],[-70.61728,-33.90162],[-70.61224,-33.90027],[-70.60939,-33.89849],[-70.60374,-33.89733],[-70.59774,-33.89363],[-70.59284,-33.89414],[-70.58763,-33.89234],[-70.5833,-33.89665],[-70.57907,-33.89724],[-70.57611,-33.89598],[-70.57355,-33.89258],[-70.5681,-33.89035],[-70.56345,-33.88764],[-70.56092,-33.88383],[-70.55725,-33.8834],[-70.55444,-33.88123],[-70.54317,-33.88125],[-70.53667,-33.88214],[-70.53346,-33.88487],[-70.52972,-33.88622],[-70.52555,-33.88534],[-70.51633,-33.8875],[-70.50899,-33.88301],[-70.50729,-33.87834],[-70.50485,-33.87745],[-70.50397,-33.87521],[-70.50414,-33.86671],[-70.50347,-33.86413],[-70.49586,-33.86069],[-70.48824,-33.86268],[-70.48549,-33.86163],[-70.48148,-33.86209],[-70.47599,-33.85954],[-70.47502,-33.85593],[-70.47646,-33.85206],[-70.47539,-33.84846],[-70.47697,-33.84714],[-70.47981,-33.83987],[-70.48156,-33.83896],[-70.48212,-33.8356],[-70.48692,-33.83069],[-70.49127,-33.82992],[-70.49886,-33.8305],[-70.50227,-33.83412],[-70.50549,-33.83264],[-70.51221,-33.83337],[-70.51489,-33.83224],[-70.52115,-33.83365],[-70.52626,-33.83134],[-70.52669,-33.82472],[-70.53261,-33.8177],[-70.53334,-33.81394],[-70.53656,-33.8087],[-70.53442,-33.80015],[-70.54064,-33.79666],[-70.54581,-33.79624],[-70.54784,-33.79341],[-70.55257,-33.79085],[-70.55529,-33.78752],[-70.55982,-33.78425],[-70.56846,-33.7849],[-70.57753,-33.78253],[-70.5806,-33.78252],[-70.58645,-33.78487],[-70.59159,-33.78359],[-70.59566,-33.78017],[-70.59539,-33.77096],[-70.59625,-33.76892],[-70.59995,-33.7654],[-70.59894,-33.76069],[-70.60186,-33.75772],[-70.60539,-33.75674],[-70.6072,-33.75018],[-70.60917,-33.7472],[-70.61051,-33.74234],[-70.61408,-33.73869]]]},"properties":{"name":"Paine"}},
{"type":"Feature","geometry":{"type":"Polygon","coordinates":[[[-70.98065,-33.79941],[-70.96404,-33.79407],[-70.96104,-33.79393],[-70.94904,-33.7979],[-70.93797,-33.7984],[-70.93512,-33.79972],[-70.92889,-33.79978],[-70.92428,-33.80106],[-70.9199,-33.79894],[-70.91784,-33.79625],[-70.9166,-33.79166],[-70.91793,-33.78822],[-70.9152,-33.78348],[-70.91516,-33.78023],[-70.91239,-33.77465],[-70.91259,-33.76957],[-70.90945,-33.77147],[-70.90531,-33.78264],[-70.90405,-33.78959],[-70.90424,-33.797],[-70.90074,-33.8032],[-70.89606,-33.80363],[-70.89293,-33.80201],[-70.88945,-33.8014],[-70.87752,-33.80386],[-70.87315,-33.80158],[-70.86632,-33.79609],[-70.86246,-33.79481],[-70.85843,-33.78753],[-70.85405,-33.78446],[-70.84993,-33.78296],[-70.84057,-33.77473],[-70.8359,-33.77355],[-70.83238,-33.77044],[-70.82856,-33.76434],[-70.82401,-33.75903],[-70.821,-33.75408],[-70.82492,-33.75135],[-70.82605,-33.74884],[-70.82451,-33.74097],[-70.82125,-33.73969],[-70.82039,-33.73612],[-70.82123,-33.73409],[-70.82177,-33.7257],[-70.82434,-33.72084],[-70.83009,-33.71906],[-70.83378,-33.71456],[-70.83964,-33.71125],[-70.84151,-33.70928],[-70.84634,-33.70856],[-70.84639,-33.71073],[-70.84867,-33.71448],[-70.85177,-33.71282],[-70.89917,-33.69638],[-70.91241,-33.71044],[-70.91572,-33.71445],[-70.91572,-33.71649],[-70.92975,-33.71792],[-70.93417,-33.71938],[-70.93911,-33.71899],[-70.9449,-33.71645],[-70.95554,-33.71427],[-70.96091,-33.71606],[-70.96657,-33.71542],[-70.97563,-33.71577],[-70.98176,-33.71824],[-70.98674,-33.72106],[-70.98855,-33.72345],[-70.99305,-33.72295],[-70.99644,-33.72348],[-71.00176,-33.72088],[-71.01683,-33.71688],[-71.02215,-33.71617],[-71.02615,-33.71639],[-71.02846,-33.71863],[-71.03356,-33.71938],[-71.03747,-33.71659],[-71.04137,-33.7157],[-71.04622,-33.71599],[-71.05223,-33.71916],[-71.05987,-33.71981],[-71.06807,-33.72177],[-71.07137,-33.72041],[-71.07802,-33.72063],[-71.08227,-33.71784],[-71.08592,-33.71727],[-71.09721,-33.70767],[-71.10266,-33.70546],[-71.10038,-33.7086],[-71.09566,-33.71085],[-71.09712,-33.71577],[-71.10639,-33.71959],[-71.10965,-33.72352],[-71.11347,-33.72534],[-71.11931,-33.72955],[-71.1203,-33.73123],[-71.12025,-33.73801],[-71.11927,-33.73987],[-71.11545,-33.74087],[-71.11171,-33.74368],[-71.10446,-33.74486],[-71.09184,-33.74793],[-71.08991,-33.74889],[-71.08206,-33.75507],[-71.07798,-33.75653],[-71.0721,-33.75528],[-71.06884,-33.7555],[-71.06519,-33.75385],[-71.05751,-33.75325],[-71.05039,-33.75321],[-71.04807,-33.75457],[-71.04163,-33.75521],[-71.03399,-33.76238],[-71.02584,-33.76452],[-71.02185,-33.76852],[-71.0179,-33.77144],[-71.01537,-33.77219],[-71.0061,-33.77248],[-70.99786,-33.77819],[-70.99404,-33.77597],[-70.98773,-33.77676],[-70.98314,-33.77455],[-70.98112,-33.77965],[-70.98104,-33.78421],[-70.98198,-33.78792],[-70.98125,-33.78978],[-70.98215,-33.79409],[-70.98065,-33.79941]]]},"properties":{"name":"Isla de Maipo"}},
{"type":"Feature","geometry":{"type":"Polygon","coordinates":[[[-71.10266,-33.70546],[-71.09721,-33.70767],[-71.08592,-33.71727],[-71.08227,-33.71784],[-71.07802,-33.72063],[-71.07137,-33.72041],[-71.06807,-33.72177],[-71.05987,-33.71981],[-71.05223,-33.71916],[-71.04622,-33.71599],[-71.04137,-33.7157],[-71.03747,-33.71659],[-71.03356,-33.71938],[-71.02846,-33.71863],[-71.02615,-33.71639],[-71.02545,-33.71213],[-71.01794,-33.70589],[-71.01391,-33.70553],[-71.01052,-33.69896],[-71.0052,-33.69607],[-71.00305,-33.69289],[-70.99786,-33.6923],[-70.9926,-33.68896],[-70.98619,-33.68841],[-70.98003,-33.68526],[-70.97606,-33.6808],[-70.9737,-33.68036],[-70.96709,-33.67561],[-70.95653,-33.67214],[-70.95331,-33.66878],[-70.95087,-33.66757],[-70.94473,-33.66686],[-70.93997,-33.664],[-70.93679,-33.6631],[-70.93576,-33.65932],[-70.94181,-33.65607],[-70.95117,-33.65271],[-70.95447,-33.65246],[-70.95644,-33.64942],[-70.95881,-33.64789],[-70.96081,-33.6428],[-70.96666,-33.63217],[-70.96696,-33.62473],[-70.96785,-33.62406],[-70.97327,-33.62259],[-70.97752,-33.61809],[-70.9843,-33.61655],[-70.98752,-33.61669],[-70.99009,-33.61484],[-70.99606,-33.61366],[-71.00206,-33.61509],[-71.01078,-33.62523],[-71.0185,-33.6282],[-71.02756,-33.62706],[-71.03095,-33.62999],[-71.03378,-33.64153],[-71.03567,-33.64285],[-71.03953,-33.64003],[-71.04798,-33.63656],[-71.05129,-33.63656],[-71.05451,-33.63788],[-71.05974,-33.63799],[-71.06339,-33.63274],[-71.06833,-33.63152],[-71.07356,-33.62838],[-71.0836,-33.62774],[-71.08738,-33.63181],[-71.09025,-33.63324],[-71.09789,-33.63417],[-71.10191,-33.66058],[-71.10551,-33.68538],[-71.11184,-33.68553],[-71.10081,-33.69264],[-71.10223,-33.69817],[-71.10266,-33.70546]]]},"properties":{"name":"El Monte"}},
{"type":"Feature","geometry":{"type":"Polygon","coordinates":[[[-70.81899,-33.59802],[-70.83461,-33.58561],[-70.83377,-33.58231],[-70.84781,-33.5808],[-70.84934,-33.57716],[-70.85608,-33.57573],[-70.86836,-33.5755],[-70.8749,-33.58128],[-70.87859,-33.5836],[-70.88139,-33.58068],[-70.88631,-33.58304],[-70.88939,-33.58191],[-70.8905,-33.58502],[-70.89252,-33.58574],[-70.89351,-33.58997],[-70.89877,-33.58769],[-70.90964,-33.58629],[-70.91251,-33.58741],[-70.91993,-33.58558],[-70.92999,-33.5888],[-70.93536,-33.58811],[-70.93669,-33.59259],[-70.94659,-33.59843],[-70.9502,-33.59897],[-70.95448,-33.60495],[-70.95454,-33.60942],[-70.95618,-33.6137],[-70.96474,-33.62269],[-70.96785,-33.62406],[-70.96696,-33.62473],[-70.96666,-33.63217],[-70.96081,-33.6428],[-70.9579,-33.64417],[-70.95205,-33.64492],[-70.94971,-33.64624],[-70.9422,-33.64639],[-70.94127,-33.64562],[-70.9355,-33.64599],[-70.93464,-33.64113],[-70.93254,-33.63954],[-70.92143,-33.63974],[-70.91378,-33.64047],[-70.91186,-33.63615],[-70.87439,-33.63114],[-70.84908,-33.63595],[-70.84571,-33.63384],[-70.8352,-33.62162],[-70.82428,-33.60989],[-70.82498,-33.60852],[-70.82411,-33.60333],[-70.81899,-33.59802]]]},"properties":{"name":"Peñaflor"}},
{"type":"Feature","geometry":{"type":"Polygon","coordinates":[[[-70.80265,-33.66864],[-70.80331,-33.66514],[-70.80726,-33.66143],[-70.80988,-33.65495],[-70.81155,-33.64871],[-70.81172,-33.64449],[-70.81761,-33.64159],[-70.82913,-33.65489],[-70.83616,-33.66232],[-70.8671,-33.65054],[-70.86587,-33.64909],[-70.86075,-33.6467],[-70.84908,-33.63595],[-70.87439,-33.63114],[-70.91186,-33.63615],[-70.91378,-33.64047],[-70.92143,-33.63974],[-70.93254,-33.63954],[-70.93464,-33.64113],[-70.9355,-33.64599],[-70.94127,-33.64562],[-70.9422,-33.64639],[-70.94971,-33.64624],[-70.95205,-33.64492],[-70.9579,-33.64417],[-70.96081,-33.6428],[-70.95881,-33.64789],[-70.95644,-33.64942],[-70.95447,-33.65246],[-70.95117,-33.65271],[-70.94181,-33.65607],[-70.93576,-33.65932],[-70.93679,-33.6631],[-70.93997,-33.664],[-70.94473,-33.66686],[-70.95087,-33.66757],[-70.95331,-33.66878],[-70.95653,-33.67214],[-70.96709,-33.67561],[-70.9737,-33.68036],[-70.97606,-33.6808],[-70.98003,-33.68526],[-70.98619,-33.68841],[-70.9926,-33.68896],[-70.99786,-33.6923],[-71.00305,-33.69289],[-71.0052,-33.69607],[-71.01052,-33.69896],[-71.01391,-33.70553],[-71.01794,-33.70589],[-71.02545,-33.71213],[-71.02615,-33.71639],[-71.02215,-33.71617],[-71.01683,-33.71688],[-71.00176,-33.72088],[-70.99644,-33.72348],[-70.99305,-33.72295],[-70.98855,-33.72345],[-70.98674,-33.72106],[-70.98176,-33.71824],[-70.97563,-33.71577],[-70.96657,-33.71542],[-70.96091,-33.71606],[-70.95554,-33.71427],[-70.9449,-33.71645],[-70.93911,-33.71899],[-70.93417,-33.71938],[-70.92975,-33.71792],[-70.91572,-33.71649],[-70.91572,-33.71445],[-70.91241,-33.71044],[-70.89917,-33.69638],[-70.85177,-33.71282],[-70.84867,-33.71448],[-70.84639,-33.71073],[-70.84634,-33.70856],[-70.84151,-33.70928],[-70.83964,-33.71125],[-70.83378,-33.71456],[-70.83009,-33.71906],[-70.82434,-33.72084],[-70.81848,-33.71985],[-70.81138,-33.72256],[-70.807,-33.72034],[-70.80572,-33.71499],[-70.8034,-33.71056],[-70.79833,-33.70649],[-70.79258,-33.69914],[-70.79181,-33.69578],[-70.79413,-33.6895],[-70.79627,-33.68671],[-70.79593,-33.68271],[-70.79902,-33.68007],[-70.8016,-33.67285],[-70.80417,-33.67228],[-70.80265,-33.66864]]]},"properties":{"name":"Talagante"}},
{"type":"Feature","geometry":{"type":"Polygon","coordinates":[[[-70.76735,-33.57185],[-70.77842,-33.56909],[-70.7882,-33.5778],[-70.79763,-33.57304],[-70.80382,-33.58384],[-70.80823,-33.59332],[-70.81048,-33.59627],[-70.8136,-33.5936],[-70.81899,-33.59802],[-70.82411,-33.60333],[-70.82498,-33.60852],[-70.82428,-33.60989],[-70.8352,-33.62162],[-70.84571,-33.63384],[-70.84908,-33.63595],[-70.86075,-33.6467],[-70.86587,-33.64909],[-70.8671,-33.65054],[-70.83616,-33.66232],[-70.82913,-33.65489],[-70.81761,-33.64159],[-70.81172,-33.64449],[-70.81155,-33.64871],[-70.80988,-33.65495],[-70.80726,-33.66143],[-70.80331,-33.66514],[-70.80265,-33.66864],[-70.79842,-33.66821],[-70.7961,-33.66457],[-70.79127,-33.65926],[-70.78606,-33.65585],[-70.7832,-33.65295],[-70.76682,-33.65877],[-70.75779,-33.66247],[-70.75354,-33.66267],[-70.74895,-33.66411],[-70.74182,-33.66329],[-70.73771,-33.65586],[-70.73541,-33.64616],[-70.73715,-33.64547],[-70.74272,-33.63683],[-70.74324,-33.63432],[-70.75143,-33.62719],[-70.75294,-33.62416],[-70.75548,-33.62172],[-70.74702,-33.61787],[-70.74791,-33.61316],[-70.75034,-33.60984],[-70.75378,-33.6022],[-70.75154,-33.60005],[-70.74642,-33.59768],[-70.74284,-33.59415],[-70.74569,-33.58991],[-70.75018,-33.5856],[-70.75293,-33.58158],[-70.75205,-33.57931],[-70.75769,-33.57437],[-70.76297,-33.57457],[-70.76735,-33.57185]]]},"properties":{"name":"Calera de Tango"}}
]}